-- phpMyAdmin SQL Dump
-- version 4.9.1
-- https://www.phpmyadmin.net/
--
-- Host: localhost
-- Generation Time: Nov 16, 2019 at 10:20 PM
-- Server version: 10.4.8-MariaDB
-- PHP Version: 7.3.11

SET SQL_MODE = "NO_AUTO_VALUE_ON_ZERO";
SET AUTOCOMMIT = 0;
START TRANSACTION;
SET time_zone = "+00:00";


/*!40101 SET @OLD_CHARACTER_SET_CLIENT=@@CHARACTER_SET_CLIENT */;
/*!40101 SET @OLD_CHARACTER_SET_RESULTS=@@CHARACTER_SET_RESULTS */;
/*!40101 SET @OLD_COLLATION_CONNECTION=@@COLLATION_CONNECTION */;
/*!40101 SET NAMES utf8mb4 */;

--
-- Database: `cr10_christian_dangl_biglibrary`
--

-- --------------------------------------------------------

--
-- Table structure for table `authors`
--

CREATE TABLE `authors` (
  `author_id` int(11) UNSIGNED NOT NULL,
  `first_name` varchar(50) NOT NULL,
  `last_name` varchar(50) NOT NULL
) ENGINE=InnoDB DEFAULT CHARSET=utf8mb4;

--
-- Dumping data for table `authors`
--

INSERT INTO `authors` (`author_id`, `first_name`, `last_name`) VALUES
(1, 'Ricca', 'Springham'),
(2, 'Nissie', 'Cornillot'),
(3, 'Boycie', 'Ziemke'),
(4, 'Sharity', 'Mc Faul'),
(5, 'Camey', 'Robertsen'),
(6, 'Korrie', 'Jumel'),
(7, 'Rosabella', 'Tunkin'),
(8, 'Lou', 'Ogelsby'),
(9, 'Bran', 'Welbelove'),
(10, 'Gabriell', 'Fortune'),
(11, 'Corney', 'Gaughan'),
(12, 'Karlens', 'Pretious'),
(13, 'Elianora', 'Maccrie'),
(14, 'Gavra', 'Goulborn'),
(15, 'Adaline', 'Gourlie'),
(16, 'Elysee', 'Gallemore'),
(17, 'Claretta', 'Rudsdell'),
(18, 'Sam', 'Vahey'),
(19, 'Archy', 'Geroldo'),
(20, 'Dasya', 'Gillbanks'),
(21, 'Maximilian', 'Roalfe'),
(22, 'Ambrosius', 'Swynley'),
(23, 'Madelina', 'Aguirrezabal'),
(24, 'Ugo', 'Bretherick'),
(25, 'Giulietta', 'Tuhy'),
(26, 'Denice', 'Simanenko'),
(27, 'Filmore', 'Manning'),
(28, 'Sandi', 'Robbey'),
(29, 'Prentiss', 'Grzelak'),
(30, 'Ardith', 'Antic'),
(31, 'Alexandro', 'Rigard'),
(32, 'Lynett', 'Longley'),
(33, 'Sterne', 'MacVagh'),
(34, 'North', 'Caulier'),
(35, 'Sunny', 'Domerq'),
(36, 'Anatole', 'Finnis'),
(37, 'Pincas', 'Tydeman'),
(38, 'Cortie', 'Fawloe'),
(39, 'Court', 'Sterrick'),
(40, 'Reeba', 'Jacquot'),
(41, 'Bert', 'Millsom'),
(42, 'Frank', 'Wildbore'),
(43, 'Lucais', 'Hexter'),
(44, 'Grethel', 'McGannon'),
(45, 'Loella', 'Dencs'),
(46, 'Darnall', 'Ragg'),
(47, 'Rice', 'Spong'),
(48, 'Dolley', 'Swepson'),
(49, 'Guntar', 'Dibble'),
(50, 'Huberto', 'O\'Kynsillaghe'),
(51, 'Gayla', 'Pitcaithley'),
(52, 'Pinchas', 'Smallridge'),
(53, 'Howard', 'Glyde'),
(54, 'Cammy', 'Stagge'),
(55, 'Catharina', 'Meredith'),
(56, 'Obie', 'Benoey'),
(57, 'Jessalyn', 'Girodias'),
(58, 'Cortie', 'Pauncefort'),
(59, 'Christyna', 'Quaintance'),
(60, 'Quint', 'Bolan'),
(61, 'Holly-anne', 'Middlemiss'),
(62, 'Gonzalo', 'Assur'),
(63, 'Washington', 'Rozzell'),
(64, 'Jonathan', 'Blenkinship'),
(65, 'Velvet', 'Dainton'),
(66, 'Charley', 'Rosenkrantz'),
(67, 'Clari', 'Sidworth'),
(68, 'Quintilla', 'Grandham'),
(69, 'Raff', 'Sweatland'),
(70, 'Denis', 'Beagrie'),
(71, 'Hilario', 'Paal'),
(72, 'Mala', 'Sollom'),
(73, 'Noreen', 'Bly'),
(74, 'Guss', 'Rayne'),
(75, 'Artemas', 'Surmeyers'),
(76, 'Consuela', 'Kopmann'),
(77, 'Nehemiah', 'Ormond'),
(78, 'Linnie', 'Brafferton'),
(79, 'Etta', 'Cattow'),
(80, 'Joshuah', 'Mulmuray'),
(81, 'Fonsie', 'Chastanet'),
(82, 'Sunny', 'Caveill'),
(83, 'Alastair', 'Phidgin'),
(84, 'Koenraad', 'Teas'),
(85, 'Tremaine', 'Horstead'),
(86, 'Walther', 'Widdecombe'),
(87, 'Filia', 'Boutton'),
(88, 'Michail', 'Bremeyer'),
(89, 'Alexander', 'Lendon'),
(90, 'Suzanna', 'Tither'),
(91, 'Kevina', 'Kilsby'),
(92, 'Dur', 'Antrum'),
(93, 'Aguste', 'Bangham'),
(94, 'Tannie', 'Devonside'),
(95, 'Tamar', 'Chipps'),
(96, 'Shantee', 'Preene'),
(97, 'Henderson', 'Robinette'),
(98, 'Ines', 'Treske'),
(99, 'Ardyth', 'Edon'),
(100, 'Udall', 'Byfield'),
(101, 'Rhett', 'Pascoe'),
(102, 'Aila', 'Fleg'),
(103, 'Avis', 'Brane'),
(104, 'Darius', 'Amiss'),
(105, 'Corrie', 'Coopland'),
(106, 'Raoul', 'Dowderswell'),
(107, 'Cristie', 'Sissens'),
(108, 'Atlante', 'Magister'),
(109, 'Nani', 'Hanselmann'),
(110, 'Kaleena', 'Stringfellow'),
(111, 'Julian', 'Blofeld'),
(112, 'Nickie', 'Curragh'),
(113, 'Howie', 'Gebby'),
(114, 'Dexter', 'Babbe'),
(115, 'Brade', 'Rathmell'),
(116, 'Lorelle', 'Morgan'),
(117, 'Mallory', 'Maylor'),
(118, 'Nappy', 'Gisburn'),
(119, 'Shandy', 'Knightley'),
(120, 'Wynn', 'Jardine'),
(121, 'Allx', 'Drejer'),
(122, 'Sheffy', 'Vearncomb'),
(123, 'Georgine', 'Celler'),
(124, 'Kim', 'Duffrie'),
(125, 'Nevins', 'Pozzi'),
(126, 'Starlene', 'Asche'),
(127, 'Wakefield', 'Kingswell'),
(128, 'Darcee', 'Cheshir'),
(129, 'Teodora', 'Trudgion'),
(130, 'Mordecai', 'Tulip'),
(131, 'Wendie', 'Hawley'),
(132, 'Malvin', 'Ballintime'),
(133, 'Roley', 'Downes'),
(134, 'Ertha', 'McGorley'),
(135, 'Paco', 'Ivashchenko'),
(136, 'Heidie', 'Cassely'),
(137, 'Reinwald', 'Stribbling'),
(138, 'Domini', 'Tuddenham'),
(139, 'Mari', 'Hamil'),
(140, 'Adolph', 'Pawlick'),
(141, 'Nanete', 'Housby'),
(142, 'Quent', 'Layland'),
(143, 'Bili', 'Marcome'),
(144, 'Shanda', 'Chamberlayne'),
(145, 'Elvera', 'Morefield'),
(146, 'Fee', 'Tapson'),
(147, 'Amandy', 'Laurisch'),
(148, 'Jenica', 'Lernihan'),
(149, 'Giles', 'Shellard'),
(150, 'Sosanna', 'Waterson'),
(151, 'Philipa', 'Scobbie'),
(152, 'Regina', 'Carus'),
(153, 'Celia', 'Baxstare'),
(154, 'Kasper', 'Mably'),
(155, 'Philbert', 'Mityukov'),
(156, 'Cornie', 'Dederick'),
(157, 'Joletta', 'Meneur'),
(158, 'Broderick', 'Pessel'),
(159, 'Karl', 'Allflatt'),
(160, 'Parry', 'Doddridge'),
(161, 'Raffaello', 'Rhydderch'),
(162, 'Karim', 'Collet'),
(163, 'Lorrie', 'Peare'),
(164, 'Neille', 'Kettoe'),
(165, 'Cassie', 'Bockmann'),
(166, 'Dallon', 'Quaife'),
(167, 'Dorisa', 'Ewan'),
(168, 'Eada', 'Froud'),
(169, 'Nikoletta', 'Garrard'),
(170, 'Marylou', 'Kollasch'),
(171, 'Spencer', 'Such'),
(172, 'Layton', 'Drohun'),
(173, 'Lin', 'Ringer'),
(174, 'Barnebas', 'Calderbank'),
(175, 'Nissa', 'Haywood'),
(176, 'Kerwin', 'Grestye'),
(177, 'Teressa', 'Bartels-Ellis'),
(178, 'Bambi', 'Summerlad'),
(179, 'Lauren', 'Bezants'),
(180, 'Dur', 'Chase'),
(181, 'Liam', 'Colebourn'),
(182, 'Evangeline', 'Andreucci'),
(183, 'Oliviero', 'Daughtrey'),
(184, 'Francyne', 'Chafney'),
(185, 'Babbie', 'Kubista'),
(186, 'Gris', 'Willoughway'),
(187, 'Paolo', 'Olsson'),
(188, 'Alastair', 'Milier'),
(189, 'Sarge', 'Elia'),
(190, 'Marya', 'Capsey'),
(191, 'Robbie', 'Lehrle'),
(192, 'Idette', 'Brandsma'),
(193, 'Tracee', 'Tipple'),
(194, 'Rudyard', 'Skain'),
(195, 'Valerie', 'Attewill'),
(196, 'Jessalin', 'Thorington'),
(197, 'Paxton', 'Billyard'),
(198, 'Russ', 'Semiras'),
(199, 'Nikolas', 'Waycot'),
(200, 'Hall', 'Zapata');

-- --------------------------------------------------------

--
-- Table structure for table `availability`
--

CREATE TABLE `availability` (
  `available_id` tinyint(1) NOT NULL,
  `available` enum('true','false') NOT NULL DEFAULT 'true'
) ENGINE=InnoDB DEFAULT CHARSET=utf8mb4;

--
-- Dumping data for table `availability`
--

INSERT INTO `availability` (`available_id`, `available`) VALUES
(0, 'false'),
(1, 'true');

-- --------------------------------------------------------

--
-- Table structure for table `genres`
--

CREATE TABLE `genres` (
  `genre_id` int(11) UNSIGNED NOT NULL,
  `genre` varchar(50) DEFAULT NULL
) ENGINE=InnoDB DEFAULT CHARSET=utf8mb4;

--
-- Dumping data for table `genres`
--

INSERT INTO `genres` (`genre_id`, `genre`) VALUES
(1, 'Novel'),
(2, 'Fiction'),
(3, 'Biography'),
(4, 'SF'),
(5, 'Horror'),
(6, 'Children');

-- --------------------------------------------------------

--
-- Table structure for table `media`
--

CREATE TABLE `media` (
  `media_id` int(11) NOT NULL,
  `image` varchar(50) NOT NULL,
  `title` varchar(200) DEFAULT NULL,
  `fk_author` int(11) UNSIGNED DEFAULT NULL,
  `isbn` varchar(50) DEFAULT NULL,
  `description` varchar(200) DEFAULT NULL,
  `publish_date` date DEFAULT NULL,
  `fk_publisher` int(11) UNSIGNED DEFAULT NULL,
  `fk_type` int(11) UNSIGNED DEFAULT NULL,
  `fk_genre` int(11) UNSIGNED DEFAULT NULL,
  `fk_available` tinyint(1) DEFAULT 1
) ENGINE=InnoDB DEFAULT CHARSET=utf8mb4;

--
-- Dumping data for table `media`
--

INSERT INTO `media` (`media_id`, `image`, `title`, `fk_author`, `isbn`, `description`, `publish_date`, `fk_publisher`, `fk_type`, `fk_genre`, `fk_available`) VALUES
(1, 'https://picsum.photos/id/1029/200/200', 'Mr. Jealousy', 167, '560-0-37-974813-3', 'Bypass Left Brachial Artery to Left Upper Arm Artery with Nonautologous Tissue Substitute, Open Approach', '2014-01-02', 35, 2, 5, 0),
(2, 'https://picsum.photos/id/1009/200/200', 'Driving Miss Daisy', 126, '292-1-96-243962-1', 'Drainage of Trochlear Nerve, Open Approach, Diagnostic', '1994-01-05', 28, 3, 2, 0),
(3, 'https://picsum.photos/id/287/200/200', 'Orgy of the Dead', 168, '796-2-30-904623-8', 'Dilation of Right Internal Mammary Artery, Bifurcation, with Two Intraluminal Devices, Open Approach', '1999-10-03', 6, 2, 1, 0),
(4, 'https://picsum.photos/id/701/200/200', 'Hitcher, The', 196, '666-3-80-392677-9', 'Destruction of Endometrium, Percutaneous Approach', '2012-10-25', 11, 3, 6, 1),
(6, 'https://picsum.photos/id/596/200/200', 'Oscar and Lucinda (a.k.a. Oscar & Lucinda)', 2, '462-0-73-206243-3', 'Bypass Right Ureter to Colocutaneous, Open Approach', '2009-01-14', 27, 3, 3, 1),
(7, 'https://picsum.photos/id/239/200/200', 'Great Magician, The (Daai mo seut si)', 96, '112-2-90-390146-1', 'Upper Arteries, Repair', '1993-08-22', 10, 1, 2, 1),
(8, 'https://picsum.photos/id/407/200/200', 'Video Games: The Movie', 25, '862-1-79-700432-2', 'Dilation of Celiac Artery, Bifurcation, with Two Drug-eluting Intraluminal Devices, Percutaneous Endoscopic Approach', '1999-07-02', 29, 1, 2, 0),
(9, 'https://picsum.photos/id/959/200/200', 'America, America', 75, '560-3-59-830185-5', 'Bypass Right Pulmonary Artery from Carotid with Synthetic Substitute, Percutaneous Endoscopic Approach', '2013-10-06', 34, 2, 4, 1),
(10, 'https://picsum.photos/id/20/200/200', 'Just Around the Corner', 171, '976-1-78-525152-1', 'Reattachment of Penis, External Approach', '2002-10-30', 48, 3, 6, 1),
(11, 'https://picsum.photos/id/178/200/200', 'The Arrival of Wang', 18, '850-1-97-686335-0', 'Occlusion of Left Common Iliac Vein with Intraluminal Device, Percutaneous Approach', '2003-01-11', 8, 1, 4, 1),
(12, 'https://picsum.photos/id/543/200/200', 'Riverworld', 96, '106-1-55-895555-0', 'Removal of Synthetic Substitute from Left Scapula, Open Approach', '2010-11-20', 19, 1, 2, 1),
(13, 'https://picsum.photos/id/738/200/200', 'Analyze That', 180, '346-3-80-418763-8', 'Computerized Tomography (CT Scan) of Bilateral Parotid Glands using High Osmolar Contrast, Unenhanced and Enhanced', '2007-05-12', 28, 1, 5, 1),
(14, 'https://picsum.photos/id/371/200/200', 'Night of the Shooting Stars (Notte di San Lorenzo, La)', 36, '568-1-98-595184-3', 'Drainage of Chest Subcutaneous Tissue and Fascia, Open Approach, Diagnostic', '1992-07-30', 20, 1, 3, 0),
(15, 'https://picsum.photos/id/70/200/200', 'Nana', 169, '426-3-90-562517-3', 'Removal of Autologous Tissue Substitute from Right Finger Phalanx, Open Approach', '2014-07-07', 2, 2, 6, 1),
(16, 'https://picsum.photos/id/201/200/200', 'Bad Milo (Bad Milo!)', 119, '591-1-34-602569-5', 'Excision of Jejunum, Via Natural or Artificial Opening Endoscopic, Diagnostic', '2012-09-01', 5, 2, 2, 0),
(17, 'https://picsum.photos/id/1041/200/200', 'That Night\'s Wife', 189, '846-3-73-313041-4', 'Revision of External Fixation Device in Right Elbow Joint, Open Approach', '1995-08-30', 40, 3, 4, 1),
(18, 'https://picsum.photos/id/95/200/200', 'Surfwise', 66, '369-1-40-440539-1', 'Supplement Left Vertebral Artery with Nonautologous Tissue Substitute, Percutaneous Approach', '2013-01-09', 42, 3, 4, 1),
(19, 'https://picsum.photos/id/196/200/200', 'Dad', 52, '989-1-40-610637-4', 'Dilation of Left Anterior Tibial Artery with Four or More Intraluminal Devices, Percutaneous Endoscopic Approach', '1995-12-29', 1, 2, 1, 0),
(20, 'https://picsum.photos/id/794/200/200', 'Neighbouring Sounds (O som ao redor)', 174, '511-2-96-825112-9', 'Bypass Left Fallopian Tube to Left Fallopian Tube with Autologous Tissue Substitute, Percutaneous Endoscopic Approach', '2004-08-26', 7, 3, 6, 0),
(21, 'https://picsum.photos/id/223/200/200', 'Hana (Hana yori mo naho)', 14, '711-2-39-494025-3', 'Revision of Drainage Device in Tracheobronchial Tree, Via Natural or Artificial Opening', '2016-03-14', 11, 3, 1, 1),
(22, 'https://picsum.photos/id/240/200/200', 'Warlords, The (Tau ming chong)', 140, '684-3-72-535692-2', 'Lower Arteries, Excision', '1992-02-13', 19, 3, 1, 1),
(23, 'https://picsum.photos/id/603/200/200', 'Jönssonligans största kupp', 94, '487-1-48-385950-5', 'Transfer Oculomotor Nerve to Acoustic Nerve, Open Approach', '1992-01-07', 38, 1, 6, 0),
(24, 'https://picsum.photos/id/634/200/200', 'Black White + Gray: A Portrait of Sam Wagstaff and Robert Mapplethorpe ', 62, '732-3-58-107626-6', 'Reposition Right Upper Femur with Hybrid External Fixation Device, Percutaneous Approach', '1996-11-26', 23, 2, 1, 1),
(25, 'https://picsum.photos/id/458/200/200', 'Love! Valour! Compassion!', 156, '896-3-71-935116-6', 'Drainage of Right Seminal Vesicle, Percutaneous Approach, Diagnostic', '2011-03-29', 34, 1, 5, 1),
(26, 'https://picsum.photos/id/98/200/200', 'Villa Amalia', 195, '192-0-98-523254-0', 'Computerized Tomography (CT Scan) of Left Lower Extremity Arteries', '2005-04-08', 46, 1, 3, 1),
(27, 'https://picsum.photos/id/947/200/200', 'I Hope They Serve Beer in Hell', 180, '722-3-24-891393-0', 'Drainage of Left Lower Femur with Drainage Device, Open Approach', '2006-10-03', 35, 2, 2, 1),
(28, 'https://picsum.photos/id/574/200/200', 'Guilty Hands', 149, '330-3-72-835874-2', 'Excision of Left Lower Extremity Bursa and Ligament, Open Approach, Diagnostic', '2012-11-25', 34, 2, 4, 1),
(29, 'https://picsum.photos/id/635/200/200', 'Bombay Talkie', 32, '320-2-87-886658-7', 'Occlusion of Left Ulnar Artery with Extraluminal Device, Percutaneous Endoscopic Approach', '2014-04-19', 34, 3, 1, 0),
(30, 'https://picsum.photos/id/255/200/200', 'Prisoner of Zenda, The', 37, '999-1-42-160434-8', 'Extirpation of Matter from Left Axillary Artery, Percutaneous Approach', '2011-11-12', 7, 3, 2, 1),
(31, 'https://picsum.photos/id/1/200/200', 'Bodyguard, The', 93, '580-2-50-319377-5', 'Introduction of Immunosuppressive into Peripheral Artery, Percutaneous', '1999-04-18', 43, 2, 6, 1),
(32, 'https://picsum.photos/id/705/200/200', 'Accidental Tourist, The', 55, '502-1-84-686856-7', 'Destruction of Left Face Vein, Open Approach', '2019-05-19', 50, 1, 3, 0),
(33, 'https://picsum.photos/id/1023/200/200', 'Le créateur ', 164, '764-2-41-611415-4', 'Excision of Adenoids, Percutaneous Approach, Diagnostic', '1996-05-04', 49, 2, 1, 0),
(34, 'https://picsum.photos/id/107/200/200', 'Circles (Krugovi)', 81, '776-2-38-735208-8', 'Supplement Right Thumb Phalanx with Synthetic Substitute, Percutaneous Approach', '1995-07-21', 24, 3, 6, 0),
(35, 'https://picsum.photos/id/483/200/200', 'Life Is a Long Quiet River (La vie est un long fleuve tranquille)', 65, '928-1-83-724733-9', 'Removal of Synthetic Substitute from Thoracic Vertebra, Open Approach', '2007-06-18', 44, 3, 3, 1),
(36, 'https://picsum.photos/id/195/200/200', 'Elena Undone', 98, '362-1-71-974648-3', 'Supplement Right Axillary Artery with Autologous Tissue Substitute, Percutaneous Endoscopic Approach', '1999-04-08', 21, 2, 4, 0),
(37, 'https://picsum.photos/id/67/200/200', 'Torn Curtain', 110, '126-2-25-725500-7', 'Fusion of Left Metatarsal-Tarsal Joint with Internal Fixation Device, Open Approach', '2014-07-07', 40, 1, 4, 1),
(38, 'https://picsum.photos/id/998/200/200', 'Inherit the Wind', 56, '527-3-75-419446-4', 'Extirpation of Matter from Ampulla of Vater, Percutaneous Endoscopic Approach', '2014-03-07', 44, 1, 4, 1),
(39, 'https://picsum.photos/id/69/200/200', 'High School Hellcats', 163, '336-2-76-170186-6', 'Dilation of Left Internal Iliac Artery with Drug-eluting Intraluminal Device, Open Approach', '1991-07-14', 24, 1, 5, 1),
(40, 'https://picsum.photos/id/1014/200/200', 'My Boyfriend\'s Back', 146, '513-3-72-220849-7', 'Revision of Autologous Tissue Substitute in Sacrococcygeal Joint, Percutaneous Approach', '2008-08-08', 16, 1, 1, 0),
(41, 'https://picsum.photos/id/776/200/200', 'All About Eve', 55, '543-2-18-341897-0', 'Restriction of Right Internal Mammary Artery with Extraluminal Device, Percutaneous Endoscopic Approach', '2006-06-27', 24, 2, 5, 1),
(42, 'https://picsum.photos/id/933/200/200', 'Porto of My Childhood (Porto da Minha Infância)', 24, '275-1-98-126408-8', 'Supplement Left Breast with Nonautologous Tissue Substitute, External Approach', '2006-02-12', 10, 1, 6, 0),
(43, 'https://picsum.photos/id/311/200/200', 'Bachelor Apartment', 128, '941-2-51-372187-7', 'Supplement Large Intestine with Nonautologous Tissue Substitute, Via Natural or Artificial Opening', '1992-07-20', 5, 3, 1, 0),
(44, 'https://picsum.photos/id/694/200/200', 'Man Facing Southeast (Hombre mirando al sudeste)', 167, '107-0-94-362559-8', 'Extirpation of Matter from Stomach, Pylorus, Percutaneous Approach', '2017-10-03', 38, 1, 5, 1),
(45, 'https://picsum.photos/id/249/200/200', 'Swoon', 150, '107-1-32-978252-5', 'Bypass Pancreatic Duct to Large Intestine, Open Approach', '2004-04-25', 18, 3, 5, 0),
(46, 'https://picsum.photos/id/169/200/200', 'Volcano (Eldfjall)', 28, '787-2-36-889335-9', 'Destruction of Left Abdomen Muscle, Percutaneous Approach', '2018-10-24', 20, 2, 3, 0),
(47, 'https://picsum.photos/id/547/200/200', 'Transfer', 68, '492-0-63-870960-9', 'Supplement Left Lacrimal Duct with Nonautologous Tissue Substitute, Via Natural or Artificial Opening Endoscopic', '2006-06-06', 13, 1, 1, 1),
(48, 'https://picsum.photos/id/1025/200/200', 'Wodehouse In Exile', 103, '548-3-29-864150-1', 'Occlusion of Left Internal Mammary Artery, Percutaneous Approach', '2013-05-01', 6, 3, 3, 1),
(49, 'https://picsum.photos/id/769/200/200', '25 Watts', 37, '836-0-94-932983-0', 'Excision of Right Thyroid Gland Lobe, Percutaneous Approach', '2009-05-30', 48, 3, 5, 1),
(50, 'https://picsum.photos/id/360/200/200', 'September', 76, '519-0-80-470978-1', 'Drainage of Lingula Bronchus, Open Approach, Diagnostic', '1997-03-13', 19, 2, 6, 1),
(51, 'https://picsum.photos/id/222/200/200', 'Rabid Grannies (Mémés cannibales, Les)', 17, '606-2-99-512784-8', 'Computerized Tomography (CT Scan) of Right Lower Leg', '2014-05-25', 2, 2, 2, 1),
(52, 'https://picsum.photos/id/827/200/200', 'When Marnie Was There', 141, '224-3-81-531819-7', 'Insertion of Infusion Device into Mediastinum, Open Approach', '2007-11-17', 18, 1, 6, 0),
(53, 'https://picsum.photos/id/433/200/200', 'Stranger by the Lake (L\'inconnu du lac)', 90, '997-3-84-493181-7', 'Restriction of Left Internal Iliac Artery with Intraluminal Device, Percutaneous Endoscopic Approach', '2017-10-17', 18, 1, 1, 0),
(54, 'https://picsum.photos/id/221/200/200', 'Breathing Room', 14, '865-0-93-462473-5', 'Drainage of Left Retinal Vessel, Percutaneous Approach', '2002-08-13', 30, 3, 2, 1),
(55, 'https://picsum.photos/id/362/200/200', 'Old Dogs', 105, '968-0-57-880931-2', 'Destruction of Accessory Pancreatic Duct, Percutaneous Approach', '2011-01-11', 20, 3, 1, 0),
(56, 'https://picsum.photos/id/310/200/200', 'Return from Witch Mountain', 187, '351-2-77-604145-8', 'Supplement Superior Mesenteric Vein with Nonautologous Tissue Substitute, Open Approach', '1999-10-09', 29, 1, 2, 0),
(57, 'https://picsum.photos/id/1049/200/200', 'Rampart', 154, '387-3-86-331240-5', 'Revision of Feeding Device in Stomach, Via Natural or Artificial Opening', '2008-05-04', 31, 3, 6, 0),
(58, 'https://picsum.photos/id/606/200/200', 'XX/XY', 17, '789-3-66-566098-5', 'Destruction of Left Tarsal, Percutaneous Endoscopic Approach', '2015-11-09', 10, 1, 6, 0),
(59, 'https://picsum.photos/id/380/200/200', 'Deadly Trap, The (La maison sous les arbres)', 44, '461-1-24-107709-1', 'Fluoroscopy of Left Lower Extremity Veins', '2017-03-07', 25, 3, 1, 0),
(60, 'https://picsum.photos/id/63/200/200', 'Mo\' Better Blues', 148, '420-0-45-816466-3', 'Dilation of Cervix with Intraluminal Device, Via Natural or Artificial Opening', '2009-10-11', 36, 3, 3, 0),
(61, 'https://picsum.photos/id/167/200/200', 'Vampires, Les', 36, '329-2-10-974333-7', 'Removal of Internal Fixation Device from Nasal Bone, Percutaneous Endoscopic Approach', '1991-05-09', 2, 2, 6, 0),
(62, 'https://picsum.photos/id/361/200/200', 'Osterman Weekend, The', 99, '470-3-99-917152-3', 'High Dose Rate (HDR) Brachytherapy of Adrenal Glands using Californium 252 (Cf-252)', '2017-10-21', 44, 2, 3, 0),
(63, 'https://picsum.photos/id/468/200/200', 'The Magic Flute', 106, '721-0-95-826999-3', 'Perceptual Processing Treatment using Other Equipment', '2003-10-01', 39, 3, 4, 0),
(64, 'https://picsum.photos/id/657/200/200', 'Malibu High', 74, '141-0-62-770953-6', 'Removal of Drainage Device from Left Ear, Percutaneous Approach', '1994-08-26', 33, 1, 2, 0),
(65, 'https://picsum.photos/id/1015/200/200', 'Someone Marry Barry', 138, '830-1-96-246525-1', 'Transfer Accessory Nerve to Acoustic Nerve, Percutaneous Endoscopic Approach', '2014-04-28', 22, 2, 4, 1),
(66, 'https://picsum.photos/id/14/200/200', 'Goodbye Girl, The', 179, '491-3-24-678073-8', 'Tomographic (Tomo) Nuclear Medicine Imaging of Pelvic Region using Iodine 131 (I-131)', '2002-01-30', 25, 1, 2, 0),
(67, 'https://picsum.photos/id/98/200/200', 'The Suspended Step of the Stork', 17, '414-3-41-162174-7', 'Introduction of Other Antineoplastic into Muscle, Percutaneous Approach', '1997-09-15', 15, 3, 5, 1),
(68, 'https://picsum.photos/id/689/200/200', 'Holy Guests (Ha-Ushpizin)', 135, '349-3-76-403276-8', 'Restriction of Left Brachial Artery with Intraluminal Device, Percutaneous Endoscopic Approach', '1999-06-04', 11, 3, 1, 1),
(69, 'https://picsum.photos/id/699/200/200', 'Me, Myself & Irene', 138, '189-2-12-626442-5', 'Revision of Synthetic Substitute in Lower Muscle, Percutaneous Approach', '2014-09-18', 25, 1, 2, 1),
(70, 'https://picsum.photos/id/846/200/200', 'Man on the Train (Homme du train, L\')', 128, '435-3-50-702944-6', 'Revision of Autologous Tissue Substitute in Left Glenoid Cavity, Percutaneous Endoscopic Approach', '2010-02-09', 7, 2, 2, 1),
(71, 'https://picsum.photos/id/614/200/200', 'Dark Angel (I Come in Peace)', 175, '562-1-17-828620-7', 'Revision of Synthetic Substitute in Left Radius, Open Approach', '1993-10-04', 29, 3, 2, 1),
(72, 'https://picsum.photos/id/937/200/200', 'Science of Sleep, The (La science des rêves)', 79, '493-0-54-983263-6', 'Excision of Middle Esophagus, Via Natural or Artificial Opening', '2016-06-23', 49, 1, 6, 0),
(73, 'https://picsum.photos/id/94/200/200', 'Have Rocket, Will Travel', 5, '324-2-84-551565-1', 'Supplement Lumbar Vertebra with Nonautologous Tissue Substitute, Percutaneous Endoscopic Approach', '1991-03-31', 29, 1, 3, 0),
(74, 'https://picsum.photos/id/38/200/200', 'Freedom', 97, '773-3-71-860614-9', 'Resection of Right Upper Eyelid, External Approach', '2012-01-05', 34, 3, 3, 0),
(75, 'https://picsum.photos/id/883/200/200', 'Any Number Can Win (Mélodie en sous-sol )', 12, '702-2-49-948605-4', 'Extirpation of Matter from Lung Lingula, Via Natural or Artificial Opening', '1999-10-08', 21, 3, 6, 0),
(76, 'https://picsum.photos/id/265/200/200', 'Untamed Youth', 59, '708-0-15-528480-3', 'Detachment at Right Foot, Partial 3rd Ray, Open Approach', '1996-10-12', 36, 3, 2, 0),
(77, 'https://picsum.photos/id/363/200/200', 'Mother Küsters Goes to Heaven (Mutter Küsters\' Fahrt zum Himmel)', 62, '569-0-83-182479-1', 'Bypass Right Anterior Chamber to Sclera, Percutaneous Approach', '2015-01-27', 43, 2, 2, 1),
(78, 'https://picsum.photos/id/3/200/200', 'Sue', 158, '722-3-31-324118-3', 'Bypass Right Innominate Vein to Upper Vein with Nonautologous Tissue Substitute, Percutaneous Endoscopic Approach', '2014-10-23', 19, 1, 4, 1),
(79, 'https://picsum.photos/id/95/200/200', 'Light at the Edge of the World, The', 114, '846-3-30-727288-8', 'Repair Right Lacrimal Gland, Percutaneous Approach', '2011-12-17', 50, 3, 2, 0),
(80, 'https://picsum.photos/id/407/200/200', 'Knute Rockne All American', 16, '334-0-28-781205-0', 'Repair Uvula, Open Approach', '2012-08-10', 3, 1, 4, 0),
(81, 'https://picsum.photos/id/865/200/200', 'Topper Returns', 52, '627-0-14-316151-0', 'Magnetic Resonance Imaging (MRI) of Left Toe(s)', '1992-05-29', 20, 3, 3, 0),
(82, 'https://picsum.photos/id/480/200/200', 'Altered States', 196, '377-3-50-963462-7', 'Drainage of Bilateral Fallopian Tubes, Percutaneous Approach', '1999-06-28', 6, 3, 1, 0),
(83, 'https://picsum.photos/id/922/200/200', 'Pearls and Pigs (Helmiä ja sikoja)', 158, '289-3-39-364612-7', 'Occlusion of Left Vas Deferens, Open Approach', '2017-11-08', 39, 1, 2, 1),
(84, 'https://picsum.photos/id/545/200/200', 'LOL (Laughing Out Loud)', 43, '995-2-65-539465-3', 'Insertion of Cardiac Lead into Left Ventricle, Percutaneous Approach', '2004-03-07', 19, 3, 2, 1),
(85, 'https://picsum.photos/id/300/200/200', 'Profit, The', 127, '355-2-15-141750-0', 'Bypass Right Greater Saphenous Vein to Lower Vein with Nonautologous Tissue Substitute, Open Approach', '1999-01-26', 40, 1, 5, 0),
(86, 'https://picsum.photos/id/393/200/200', 'Idle Hands', 173, '793-1-78-928368-9', 'Dilation of Transverse Colon with Intraluminal Device, Percutaneous Endoscopic Approach', '2008-12-30', 39, 2, 3, 1),
(87, 'https://picsum.photos/id/239/200/200', 'Havoc', 180, '270-3-27-840004-5', 'Insertion of Internal Fixation Device into Left Thumb Phalanx, Percutaneous Approach', '2007-08-26', 30, 1, 4, 1),
(88, 'https://picsum.photos/id/559/200/200', 'House Built on Water, A (Khanei ruye ab)', 118, '705-2-45-828765-0', 'Occlusion of Middle Esophagus, Percutaneous Approach', '2006-07-04', 39, 3, 3, 1),
(89, 'https://picsum.photos/id/962/200/200', 'Good Guys and the Bad Guys, The', 48, '437-0-60-871141-8', 'Control Bleeding in Cranial Cavity, Percutaneous Approach', '2006-12-05', 21, 1, 6, 1),
(90, 'https://picsum.photos/id/954/200/200', 'Iron Maiden: Flight 666', 70, '817-0-46-892185-9', 'Revision of Autologous Tissue Substitute in Right Wrist Joint, Open Approach', '2011-11-03', 41, 1, 3, 1),
(92, 'https://picsum.photos/id/728/200/200', 'Cabin Fever: Patient Zero', 147, '180-0-56-237397-8', 'Bypass Cerebral Ventricle to Peritoneal Cavity with Synthetic Substitute, Open Approach', '2002-05-09', 28, 3, 5, 1),
(93, 'https://picsum.photos/id/671/200/200', 'Old Acquaintance', 69, '812-3-87-999077-9', 'Reposition Left Finger Phalangeal Joint, Open Approach', '2000-08-20', 19, 1, 5, 1),
(94, 'https://picsum.photos/id/108/200/200', 'Category 7: The End of the World', 85, '234-0-41-615323-4', 'Excision of Right Foot Muscle, Open Approach, Diagnostic', '1998-03-24', 11, 2, 1, 0),
(95, 'https://picsum.photos/id/90/200/200', 'Adventures of Mark Twain, The', 191, '452-3-56-912574-7', 'Restriction of Right External Jugular Vein, Percutaneous Endoscopic Approach', '2019-08-30', 33, 3, 2, 0),
(96, 'https://picsum.photos/id/965/200/200', 'Passeio com Johnny Guitar', 52, '456-0-25-483269-2', 'Ventilation, Respiration and Circulation Assessment of Respiratory System - Whole Body', '1992-01-05', 33, 3, 5, 0),
(97, 'https://picsum.photos/id/490/200/200', 'Identity', 172, '210-2-68-510027-3', 'Replacement of Right Brachial Vein with Nonautologous Tissue Substitute, Open Approach', '2014-04-10', 28, 3, 5, 0),
(98, 'https://picsum.photos/id/146/200/200', 'Cluny Brown', 38, '868-1-61-424104-7', 'Replacement of Bladder with Nonautologous Tissue Substitute, Open Approach', '1995-12-29', 32, 1, 3, 0),
(99, 'https://picsum.photos/id/480/200/200', 'Very Happy Alexander (Alexandre le bienheureux)', 100, '534-2-10-113256-9', 'Destruction of Facial Nerve, Percutaneous Approach', '2007-01-08', 15, 2, 6, 0),
(100, 'https://picsum.photos/id/515/200/200', 'National Lampoon\'s Cattle Call (Cattle Call)', 79, '406-3-41-443251-5', 'Laser Interstitial Thermal Therapy of Esophagus', '2015-12-03', 16, 3, 6, 0),
(101, 'https://picsum.photos/id/813/200/200', 'Date Movie', 7, '927-1-46-890726-5', 'Release Left Tunica Vaginalis, Percutaneous Approach', '2006-10-31', 42, 2, 4, 0),
(102, 'https://picsum.photos/id/299/200/200', 'Stranger on the Prowl (Imbarco a mezzanotte)', 88, '218-0-39-536933-1', 'Release Left Lower Leg Muscle, Percutaneous Approach', '2002-12-27', 18, 1, 4, 1),
(103, 'https://picsum.photos/id/649/200/200', 'Veer Zaara', 166, '289-1-77-938925-5', 'Insertion of Radioactive Element into Prostate, Percutaneous Endoscopic Approach', '2014-11-25', 42, 1, 6, 0),
(104, 'https://picsum.photos/id/993/200/200', 'Black Narcissus', 196, '398-1-13-235886-9', 'Removal of Internal Fixation Device from Right Radius, Open Approach', '1992-05-19', 47, 2, 6, 1),
(105, 'https://picsum.photos/id/1050/200/200', 'Special Correspondents (Envoyés très spéciaux)', 23, '520-1-65-917984-2', 'Fragmentation in Right Lower Lobe Bronchus, Percutaneous Endoscopic Approach', '2017-06-22', 13, 3, 3, 1),
(106, 'https://picsum.photos/id/955/200/200', 'Cornered', 93, '284-3-34-456817-4', 'Drainage of Splenic Artery with Drainage Device, Open Approach', '1992-04-25', 46, 3, 5, 1),
(107, 'https://picsum.photos/id/861/200/200', 'Enforcer, The', 160, '984-3-64-589220-8', 'Drainage of Right Upper Extremity with Drainage Device, Open Approach', '2018-07-24', 4, 2, 3, 0),
(108, 'https://picsum.photos/id/419/200/200', 'In Cold Blood', 68, '952-2-45-519160-3', 'Supplement Head Lymphatic with Autologous Tissue Substitute, Open Approach', '1995-06-10', 13, 3, 5, 1),
(109, 'https://picsum.photos/id/565/200/200', 'Kevin Smith: Burn in Hell', 39, '183-3-10-664918-4', 'Drainage of Spleen with Drainage Device, Percutaneous Endoscopic Approach', '2015-11-30', 44, 3, 1, 1),
(110, 'https://picsum.photos/id/584/200/200', 'Last Remake of Beau Geste, The', 171, '321-2-66-568042-6', 'Occlusion of Lingula Bronchus with Intraluminal Device, Via Natural or Artificial Opening Endoscopic', '2006-04-28', 39, 1, 3, 1),
(112, 'https://picsum.photos/id/91/200/200', 'Alvarez Kelly', 71, '355-3-12-480469-1', 'Release Upper Esophagus, Via Natural or Artificial Opening Endoscopic', '1993-10-16', 1, 2, 6, 1),
(113, 'https://picsum.photos/id/1054/200/200', 'Hitman, The', 76, '412-0-90-682493-5', 'Drainage of Right Testis with Drainage Device, Percutaneous Endoscopic Approach', '2017-05-12', 2, 3, 6, 1),
(114, 'https://picsum.photos/id/912/200/200', 'Comet in Moominland', 171, '686-1-51-130471-0', 'Drainage of Lower Back, Percutaneous Approach', '1998-02-08', 21, 1, 4, 0),
(115, 'https://picsum.photos/id/412/200/200', 'South, The (Sur)', 67, '245-1-21-952467-4', 'Hyperthermia of Mediastinum', '1991-07-11', 7, 1, 2, 1),
(116, 'https://picsum.photos/id/315/200/200', 'Love and Death', 80, '700-0-32-144401-8', 'Transfusion of Nonautologous Antihemophilic Factors into Central Artery, Open Approach', '1991-04-18', 7, 2, 4, 1),
(117, 'https://picsum.photos/id/83/200/200', 'Welcome to Mooseport', 75, '457-2-62-807573-2', 'Drainage of Carina with Drainage Device, Open Approach', '2019-03-17', 49, 2, 5, 1),
(118, 'https://picsum.photos/id/378/200/200', 'Delhi Belly', 56, '676-3-20-878999-2', 'Bypass Left Internal Iliac Artery to Left External Iliac Artery with Autologous Venous Tissue, Open Approach', '1992-10-04', 3, 2, 1, 0),
(121, 'https://picsum.photos/id/54/200/200', 'Mo', 79, '447-1-65-971147-4', 'Osteopathic Treatment of Head using Articulatory-Raising Forces', '2008-03-27', 33, 1, 1, 1),
(123, 'https://picsum.photos/id/696/200/200', 'Ant Bully, The', 133, '783-3-46-378842-5', 'Destruction of Adenoids, External Approach', '2001-11-11', 20, 3, 1, 0),
(124, 'https://picsum.photos/id/976/200/200', 'Dunwich Horror, The', 52, '143-3-33-255874-7', 'Dilation of Hepatic Artery with Two Drug-eluting Intraluminal Devices, Percutaneous Endoscopic Approach', '2013-05-04', 18, 3, 6, 0),
(125, 'https://picsum.photos/id/898/200/200', 'Music Room, The (Jalsaghar)', 171, '599-0-69-890764-5', 'Revision of Drainage Device in Left Sternoclavicular Joint, Open Approach', '2019-09-24', 21, 2, 4, 0),
(126, 'https://picsum.photos/id/58/200/200', 'Dirty Pretty Things', 162, '274-1-11-331057-0', 'Extirpation of Matter from Occipital-cervical Joint, Percutaneous Approach', '2012-07-01', 14, 2, 6, 1),
(128, 'https://picsum.photos/id/273/200/200', 'Home of the Brave', 126, '559-3-75-731772-7', 'Restriction of Left External Iliac Vein, Percutaneous Endoscopic Approach', '2008-07-07', 21, 1, 3, 0),
(129, 'https://picsum.photos/id/554/200/200', 'Edward Scissorhands', 14, '960-0-90-766263-3', 'Supplement Hyoid Bone with Synthetic Substitute, Percutaneous Approach', '1993-12-24', 38, 1, 1, 0),
(131, 'https://picsum.photos/id/978/200/200', 'Eel, The (Unagi)', 179, '970-3-21-803898-4', 'Bypass Left Ureter to Ileum with Synthetic Substitute, Open Approach', '2008-06-28', 27, 3, 1, 0),
(132, 'https://picsum.photos/id/292/200/200', 'Be Kind Rewind', 5, '921-1-88-544547-2', 'Dilation of Left Popliteal Artery, Bifurcation, with Four or More Drug-eluting Intraluminal Devices, Percutaneous Endoscopic Approach', '2008-09-09', 19, 2, 2, 1),
(134, 'https://picsum.photos/id/700/200/200', 'Which Way to the Front?', 189, '577-2-67-434267-7', 'Bypass Left Common Iliac Artery to Bilateral Renal Artery, Percutaneous Endoscopic Approach', '2012-05-24', 30, 1, 6, 0),
(136, 'https://picsum.photos/id/990/200/200', 'Over the Brooklyn Bridge', 92, '768-2-49-873689-1', 'Magnetic Resonance Imaging (MRI) of Whole Fetus using Other Contrast, Unenhanced and Enhanced', '2005-02-07', 23, 2, 5, 0),
(137, 'https://picsum.photos/id/196/200/200', 'Stories of Lost Souls', 15, '134-3-78-425543-0', 'Revision of Internal Fixation Device in Left Hip Joint, Percutaneous Approach', '2004-05-11', 22, 1, 6, 1),
(138, 'https://picsum.photos/id/539/200/200', 'History of the World: Part I', 194, '137-2-87-847694-9', 'Plain Radiography of Bilateral Zygomatic Arches', '2007-02-14', 32, 2, 4, 1),
(139, 'https://picsum.photos/id/92/200/200', 'Lazybones', 4, '395-3-76-931591-0', 'Excision of Left Ethmoid Sinus, Percutaneous Approach, Diagnostic', '1996-09-15', 20, 2, 5, 0),
(140, 'https://picsum.photos/id/666/200/200', 'Sube y Baja', 169, '913-3-56-948947-8', 'Contact Radiation of Peripheral Nerve', '2010-08-12', 21, 1, 3, 0),
(141, 'https://picsum.photos/id/36/200/200', 'I Think We\'re Alone Now', 2, '984-0-88-312151-3', 'Resection of Right Eustachian Tube, Via Natural or Artificial Opening', '1998-04-16', 10, 1, 2, 1),
(142, 'https://picsum.photos/id/396/200/200', 'Dumb and Dumberer: When Harry Met Lloyd', 82, '569-1-63-891332-8', 'Replacement of Left Tarsal with Synthetic Substitute, Percutaneous Approach', '2006-04-19', 31, 3, 3, 1),
(143, 'https://picsum.photos/id/308/200/200', 'Ruby in Paradise', 42, '823-2-96-944952-0', 'Beam Radiation of Femur using Electrons', '2011-06-24', 32, 2, 6, 0),
(144, 'https://picsum.photos/id/282/200/200', 'Border Café', 41, '796-2-81-471891-7', 'Revision of Synthetic Substitute in Stomach, Via Natural or Artificial Opening Endoscopic', '2009-11-14', 23, 2, 2, 1),
(145, 'https://picsum.photos/id/221/200/200', 'London After Midnight', 32, '714-1-86-990253-0', 'Excision of Coccygeal Glomus, Open Approach', '2016-04-23', 14, 2, 1, 1),
(146, 'https://picsum.photos/id/1048/200/200', 'Mating Game, The', 74, '498-2-62-644410-9', 'Fluoroscopy of Aorta and Bilateral Lower Extremity Arteries', '2018-07-29', 3, 2, 3, 0),
(147, 'https://picsum.photos/id/830/200/200', 'Alamo Bay', 162, '493-3-35-799091-9', 'Revision of Drainage Device in Peripheral Nerve, External Approach', '1995-04-01', 26, 3, 6, 0),
(148, 'https://picsum.photos/id/772/200/200', 'Girl Who Leapt Through Time, The (Toki o kakeru shôjo)', 122, '701-0-53-995469-9', 'Removal of Intraluminal Device from Right Ear, Via Natural or Artificial Opening Endoscopic', '2013-05-24', 2, 2, 6, 1),
(149, 'https://picsum.photos/id/671/200/200', 'Film with Me in It, A', 178, '103-1-57-898284-6', 'Repair Right Submaxillary Gland, Percutaneous Approach', '2018-05-02', 8, 3, 2, 0),
(151, 'https://picsum.photos/id/1000/200/200', 'Xtro 2: The Second Encounter', 5, '431-0-35-357846-3', 'Drainage of Pancreas with Drainage Device, Percutaneous Endoscopic Approach', '2008-03-30', 14, 3, 3, 1),
(152, 'https://picsum.photos/id/428/200/200', 'Moving the Mountain', 172, '101-1-73-835643-8', 'Reposition Right Colic Artery, Percutaneous Endoscopic Approach', '2008-08-30', 13, 2, 6, 0),
(153, 'https://picsum.photos/id/832/200/200', 'L.I.E.', 48, '955-3-93-639318-5', 'Occlusion of Left Kidney Pelvis, Percutaneous Approach', '2003-07-25', 6, 2, 3, 1),
(154, 'https://picsum.photos/id/447/200/200', 'Men with Guns', 106, '158-2-84-552184-6', 'Bypass Right Common Iliac Artery to Left External Iliac Artery with Autologous Venous Tissue, Percutaneous Endoscopic Approach', '1992-03-26', 10, 1, 1, 1),
(155, 'https://picsum.photos/id/456/200/200', 'Valiant', 66, '466-3-22-764490-5', 'Low Dose Rate (LDR) Brachytherapy of Pancreas using Other Isotope', '1998-08-29', 8, 2, 5, 1),
(156, 'https://picsum.photos/id/998/200/200', 'Minecraft: The Story of Mojang', 187, '354-2-34-131534-6', 'Supplement Left Zygomatic Bone with Synthetic Substitute, Percutaneous Endoscopic Approach', '1998-11-02', 7, 1, 2, 0),
(157, 'https://picsum.photos/id/1026/200/200', 'Country Bears, The', 104, '310-3-37-896429-9', 'Destruction of Right Cephalic Vein, Percutaneous Approach', '1993-12-11', 12, 3, 4, 0),
(158, 'https://picsum.photos/id/218/200/200', 'Trio, The (Trio, Das)', 174, '215-3-27-664075-2', 'Bypass Transverse Colon to Transverse Colon with Synthetic Substitute, Percutaneous Endoscopic Approach', '1997-11-03', 18, 1, 1, 1),
(159, 'https://picsum.photos/id/1045/200/200', 'Waitress', 143, '316-3-68-823242-4', 'Plain Radiography of Left Epididymis using Other Contrast', '1992-10-16', 26, 2, 1, 0),
(160, 'https://picsum.photos/id/62/200/200', 'Black Widow', 90, '668-0-76-897777-9', 'Revision of External Fixation Device in Left Knee Joint, Percutaneous Endoscopic Approach', '2003-03-18', 45, 1, 6, 1),
(161, 'https://picsum.photos/id/554/200/200', 'Maria\'s Lovers', 65, '682-0-76-946746-7', 'Occlusion of Stomach with Intraluminal Device, Percutaneous Endoscopic Approach', '2011-01-18', 26, 1, 2, 0),
(162, 'https://picsum.photos/id/273/200/200', 'Perfectly Normal', 101, '988-2-34-474484-0', 'Restriction of Pulmonary Trunk with Extraluminal Device, Percutaneous Endoscopic Approach', '2011-09-15', 16, 2, 1, 0),
(163, 'https://picsum.photos/id/797/200/200', 'Three Men and a Little Lady', 128, '532-1-20-718849-2', 'Transfer Left Lower Arm and Wrist Muscle with Subcutaneous Tissue, Percutaneous Endoscopic Approach', '2010-04-26', 16, 1, 6, 0),
(164, 'https://picsum.photos/id/351/200/200', 'Kisses for My President', 40, '448-2-57-451544-5', 'Occlusion of Right Kidney Pelvis with Intraluminal Device, Via Natural or Artificial Opening Endoscopic', '2004-04-04', 30, 3, 5, 0),
(165, 'https://picsum.photos/id/793/200/200', 'Citadel, The', 45, '665-0-89-849951-8', 'Bypass Accessory Pancreatic Duct to Duodenum, Open Approach', '1996-05-15', 41, 3, 5, 0),
(166, 'https://picsum.photos/id/827/200/200', 'Judex', 55, '138-3-52-495266-5', 'Fusion of 2 or more Lumbar Vertebral Joints with Autologous Tissue Substitute, Posterior Approach, Posterior Column, Percutaneous Approach', '2017-04-01', 6, 2, 5, 1),
(167, 'https://picsum.photos/id/413/200/200', 'Much Ado About Nothing', 156, '581-2-34-641115-0', 'Bypass Right Common Iliac Artery to Left External Iliac Artery with Nonautologous Tissue Substitute, Open Approach', '2002-02-05', 31, 2, 4, 0),
(168, 'https://picsum.photos/id/119/200/200', 'C.H.O.M.P.S.', 56, '772-1-66-989320-4', 'Dilation of Right Common Iliac Artery, Bifurcation, with Four or More Intraluminal Devices, Percutaneous Endoscopic Approach', '1991-10-16', 2, 1, 1, 0),
(169, 'https://picsum.photos/id/221/200/200', 'Let it Come Down: The Life of Paul Bowles', 197, '593-2-40-314443-5', 'Reposition Right Sternoclavicular Joint with Internal Fixation Device, Open Approach', '1999-01-12', 14, 2, 6, 1),
(170, 'https://picsum.photos/id/617/200/200', 'Homecoming', 65, '214-2-44-668012-4', 'Revision of Synthetic Substitute in Right Auditory Ossicle, Via Natural or Artificial Opening', '2014-11-19', 29, 3, 6, 1),
(171, 'https://picsum.photos/id/192/200/200', 'Northfork', 19, '666-3-97-986488-3', 'Drainage of Cerebral Ventricle, Percutaneous Approach, Diagnostic', '2004-04-21', 35, 2, 3, 1),
(172, 'https://picsum.photos/id/543/200/200', 'Blues Brothers, The', 194, '479-3-44-313263-3', 'Extirpation of Matter from Cranial Cavity, Open Approach', '2000-08-28', 25, 1, 2, 0),
(173, 'https://picsum.photos/id/858/200/200', 'Tinker Tailor Soldier Spy', 1, '228-0-77-636667-1', 'Supplement Left Hand with Synthetic Substitute, Percutaneous Endoscopic Approach', '2007-01-19', 15, 3, 1, 1),
(174, 'https://picsum.photos/id/563/200/200', 'Hunt, The (Caza, La)', 194, '222-3-99-143913-7', 'Removal of Spacer from Cervicothoracic Vertebral Joint, Open Approach', '2015-06-06', 27, 2, 1, 0),
(175, 'https://picsum.photos/id/555/200/200', 'Bad Chicken', 135, '151-3-36-308145-9', 'Occlusion of Right Foot Vein with Extraluminal Device, Percutaneous Endoscopic Approach', '2006-09-08', 36, 3, 6, 1),
(176, 'https://picsum.photos/id/439/200/200', 'Umberto D.', 66, '331-1-41-180041-3', 'Magnetic Resonance Imaging (MRI) of Sella Turcica/Pituitary Gland using Other Contrast', '1996-04-30', 47, 3, 3, 1),
(178, 'https://picsum.photos/id/274/200/200', 'Caravaggio', 95, '469-3-13-841327-8', 'Insertion of Other Device into Right Lower Leg, Percutaneous Endoscopic Approach', '1995-08-07', 44, 3, 2, 0),
(180, 'https://picsum.photos/id/833/200/200', 'Ledge, The', 87, '104-3-67-902002-5', 'Excision of Abdomen Subcutaneous Tissue and Fascia, Open Approach, Diagnostic', '2003-04-06', 32, 1, 5, 0),
(181, 'https://picsum.photos/id/11/200/200', 'Deadline', 179, '246-3-25-554920-2', 'Supplement Cervical Vertebral Joint with Nonautologous Tissue Substitute, Percutaneous Endoscopic Approach', '2010-10-15', 31, 1, 1, 1),
(182, 'https://picsum.photos/id/509/200/200', 'Forklift Driver Klaus: The First Day on the Job', 187, '777-2-44-510851-7', 'Drainage of Lower Esophagus, Percutaneous Approach, Diagnostic', '1993-01-27', 35, 3, 5, 0),
(183, 'https://picsum.photos/id/505/200/200', 'Kill for Me', 90, '164-2-86-546612-8', 'Drainage of Face, Percutaneous Approach, Diagnostic', '1993-03-09', 44, 3, 3, 1),
(184, 'https://picsum.photos/id/477/200/200', 'Death Ship', 200, '548-2-56-674512-4', 'Repair Left Lacrimal Duct, Open Approach', '2017-12-11', 14, 3, 5, 1),
(185, 'https://picsum.photos/id/127/200/200', 'Steamroller and the Violin, The (Katok i skripka)', 185, '635-2-32-169480-7', 'Supplement Right Breast with Synthetic Substitute, Open Approach', '1999-09-11', 12, 2, 4, 1),
(186, 'https://picsum.photos/id/897/200/200', 'Pinocchio', 173, '864-2-68-585214-9', 'Replacement of Nasal Turbinate with Synthetic Substitute, Percutaneous Approach', '2016-08-21', 7, 1, 1, 0),
(187, 'https://picsum.photos/id/545/200/200', 'Bullitt', 145, '503-1-12-892290-7', 'Revision of Nonautologous Tissue Substitute in Cisterna Chyli, Percutaneous Endoscopic Approach', '2001-09-04', 49, 1, 3, 1),
(188, 'https://picsum.photos/id/293/200/200', 'Shaggy D.A., The', 54, '941-1-16-382011-7', 'Transfer Scalp Skin, External Approach', '2000-11-26', 28, 1, 5, 0),
(189, 'https://picsum.photos/id/1025/200/200', 'Gantz', 35, '195-2-75-807365-5', 'Drainage of Right External Auditory Canal, Open Approach, Diagnostic', '2017-11-06', 44, 3, 4, 0),
(190, 'https://picsum.photos/id/980/200/200', 'Marquise of O, The (Marquise von O..., Die)', 161, '673-0-94-217164-8', 'Dilation of Left Internal Iliac Artery with Two Drug-eluting Intraluminal Devices, Percutaneous Approach', '2003-01-18', 44, 1, 3, 1),
(191, 'https://picsum.photos/id/399/200/200', 'Holocaust', 109, '472-1-22-413653-4', 'Dilation of Left Femoral Artery, Bifurcation, with Four or More Drug-eluting Intraluminal Devices, Open Approach', '2011-12-19', 43, 2, 2, 1),
(192, 'https://picsum.photos/id/960/200/200', 'Day After, The', 168, '687-0-43-562027-0', 'Occlusion of Right Vertebral Artery, Percutaneous Approach', '2002-07-01', 47, 3, 4, 1),
(193, 'https://picsum.photos/id/781/200/200', 'Enter the Phoenix (Da lao ai mei li)', 27, '634-2-65-432282-1', 'Bypass Left Internal Iliac Artery to Right Femoral Artery with Autologous Venous Tissue, Open Approach', '2008-07-04', 47, 1, 6, 0),
(194, 'https://picsum.photos/id/672/200/200', 'Eye Above the Well, The (Het oog boven de put)', 71, '503-3-97-898888-9', 'Resection of Products of Conception, Ectopic, Percutaneous Approach', '1995-05-02', 20, 2, 1, 1),
(196, 'https://picsum.photos/id/691/200/200', 'Hawking', 73, '992-1-24-626942-4', 'Supplement Stomach with Synthetic Substitute, Via Natural or Artificial Opening Endoscopic', '1996-03-14', 27, 2, 6, 1),
(197, 'https://picsum.photos/id/1068/200/200', 'Blackbeard\'s Ghost', 80, '501-3-96-837277-5', 'Bypass Upper Esophagus to Cutaneous, Open Approach', '1999-08-27', 7, 2, 6, 0),
(198, 'https://picsum.photos/id/718/200/200', 'Blind Justice (Hævnens nat)', 141, '346-3-90-600039-9', 'Excision of Left Trunk Bursa and Ligament, Percutaneous Endoscopic Approach, Diagnostic', '2001-10-11', 6, 1, 4, 1),
(199, 'https://picsum.photos/id/106/200/200', 'Bikes vs Cars', 162, '371-2-51-607050-8', 'Fusion of Thoracolumbar Vertebral Joint with Autologous Tissue Substitute, Anterior Approach, Anterior Column, Percutaneous Approach', '2011-03-02', 12, 1, 2, 1),
(200, 'https://picsum.photos/id/1022/200/200', 'Dumb and Dumber To', 159, '751-3-23-770176-8', 'Revision of Synthetic Substitute in Left Acetabulum, Percutaneous Approach', '2000-05-27', 34, 2, 2, 1),
(201, 'https://picsum.photos/id/906/200/200', 'Super Hero Party Clown', 187, '413-1-83-494216-4', 'Occlusion of Left Popliteal Artery with Intraluminal Device, Open Approach', '2002-04-07', 29, 1, 1, 0),
(202, 'https://picsum.photos/id/976/200/200', 'The Gruffalo\'s Child', 136, '346-2-32-346582-7', 'Release Left Metacarpal, Percutaneous Approach', '1993-07-01', 19, 3, 1, 0),
(203, 'https://picsum.photos/id/419/200/200', 'Nil By Mouth', 180, '311-3-70-282781-8', 'Ultrasonography of Bilateral Upper Extremity Veins, Guidance', '1994-04-05', 14, 3, 4, 1),
(204, 'https://picsum.photos/id/874/200/200', 'Play It Again, Sam', 15, '329-2-24-561577-3', 'Control Bleeding in Right Buttock, Percutaneous Approach', '2011-10-26', 24, 1, 4, 0),
(205, 'https://picsum.photos/id/1035/200/200', 'Great Expectations', 48, '719-1-80-638108-1', 'Removal of Infusion Device from Right Wrist Joint, Percutaneous Endoscopic Approach', '1996-01-10', 37, 1, 6, 0),
(207, 'https://picsum.photos/id/84/200/200', 'Why Man Creates', 198, '408-1-53-215197-0', 'Removal of Autologous Tissue Substitute from Left Thumb Phalanx, Percutaneous Approach', '2005-11-01', 47, 1, 4, 1),
(208, 'https://picsum.photos/id/37/200/200', 'Peter\'s Friends', 22, '744-1-70-894998-1', 'Introduction of Analgesics, Hypnotics, Sedatives into Male Reproductive, Percutaneous Approach', '1991-03-19', 1, 3, 5, 0),
(210, 'https://picsum.photos/id/627/200/200', 'How Wang-Fo Was Saved (Comment Wang-Fo fut sauvé)', 194, '384-1-33-753908-5', 'Revision of External Fixation Device in Left Patella, External Approach', '2006-06-05', 29, 1, 2, 1),
(211, 'https://picsum.photos/id/1067/200/200', 'Look, Up in the Sky! The Amazing Story of Superman', 132, '441-3-80-875664-8', 'Removal of Intraluminal Device from Fallopian Tube, External Approach', '2010-08-20', 36, 3, 1, 0),
(212, 'https://picsum.photos/id/585/200/200', 'Gaucho, The', 33, '878-1-84-385518-8', 'Revision of Nonautologous Tissue Substitute in Left Ankle Joint, External Approach', '1991-12-18', 25, 3, 6, 0),
(213, 'https://picsum.photos/id/215/200/200', 'Town is Quiet, The (Ville est tranquille, La)', 165, '296-2-57-358842-8', 'Dilation of Right Subclavian Artery, Bifurcation, with Four or More Intraluminal Devices, Percutaneous Approach', '2007-09-22', 19, 1, 2, 0),
(215, 'https://picsum.photos/id/918/200/200', 'Goodbye Pork Pie', 152, '853-2-17-265915-1', 'Fusion of Left Knee Joint with Autologous Tissue Substitute, Percutaneous Approach', '1996-08-05', 41, 1, 2, 1),
(216, 'https://picsum.photos/id/574/200/200', 'Henry\'s Crime', 184, '829-2-32-768907-7', 'Resection of Left Tympanic Membrane, Via Natural or Artificial Opening Endoscopic', '1998-05-20', 41, 1, 4, 0),
(217, 'https://picsum.photos/id/1012/200/200', 'Six in Paris (Paris vu par...)', 180, '676-3-95-792867-8', 'Restriction of Right Internal Mammary Lymphatic with Extraluminal Device, Open Approach', '2002-09-17', 31, 1, 3, 0),
(218, 'https://picsum.photos/id/349/200/200', 'The Identical', 173, '780-1-23-237101-6', 'Bypass Right Common Iliac Artery to Abdominal Aorta, Open Approach', '1995-11-08', 40, 3, 4, 0),
(219, 'https://picsum.photos/id/322/200/200', 'Edge, The (Kray)', 82, '650-0-31-783976-2', 'Supplement Left Abdomen Muscle with Nonautologous Tissue Substitute, Percutaneous Endoscopic Approach', '2002-08-24', 36, 2, 4, 0),
(220, 'https://picsum.photos/id/342/200/200', 'Henry & June', 57, '309-0-89-270273-4', 'Bypass Esophagus to Stomach, Percutaneous Endoscopic Approach', '2014-12-03', 12, 3, 4, 1),
(221, 'https://picsum.photos/id/547/200/200', 'Beerfest', 127, '298-3-24-221092-0', 'Excision of Left Foot Artery, Percutaneous Approach', '2008-07-12', 34, 3, 1, 0),
(222, 'https://picsum.photos/id/313/200/200', 'Comic-Con Episode IV: A Fan\'s Hope', 200, '921-3-10-855369-4', 'Endocrine System, Excision', '2014-03-11', 31, 1, 6, 1),
(223, 'https://picsum.photos/id/15/200/200', 'Hans Christian Andersen', 53, '558-1-63-841848-1', 'Revision of Spacer in Left Metatarsal-Phalangeal Joint, Open Approach', '1994-05-02', 7, 2, 1, 0),
(224, 'https://picsum.photos/id/969/200/200', 'Pearl Harbor', 154, '993-0-70-202037-1', 'Insertion of Tissue Expander into Left Lower Leg Subcutaneous Tissue and Fascia, Open Approach', '1994-04-25', 13, 2, 3, 0),
(225, 'https://picsum.photos/id/975/200/200', 'Glenn Miller Story, The', 160, '906-1-66-983287-7', 'Drainage of Left Conjunctiva with Drainage Device, External Approach', '2011-06-22', 43, 2, 4, 1),
(226, 'https://picsum.photos/id/54/200/200', 'Sophia de Mello Breyner Andresen', 186, '937-3-58-728822-9', 'Release Left Thyroid Artery, Percutaneous Approach', '2018-10-12', 1, 3, 4, 1),
(227, 'https://picsum.photos/id/499/200/200', 'Morning for the Osone Family', 133, '334-2-64-492371-3', 'Fusion of Occipital-cervical Joint using Nanotextured Surface Interbody Fusion Device, Open Approach, New Technology Group 2', '2002-07-27', 29, 3, 2, 1),
(228, 'https://picsum.photos/id/1014/200/200', 'Goat, The', 39, '459-3-23-144143-5', 'Replacement of Right Finger Phalanx with Nonautologous Tissue Substitute, Percutaneous Approach', '2018-07-20', 50, 1, 4, 0),
(229, 'https://picsum.photos/id/72/200/200', 'Space Raiders', 100, '574-1-58-469145-5', 'Destruction of Larynx, Percutaneous Endoscopic Approach', '2008-05-24', 22, 2, 2, 1),
(230, 'https://picsum.photos/id/818/200/200', 'Hidden Assassin (Shooter, The)', 117, '926-0-31-702007-4', 'Excision of Right Hepatic Duct, Percutaneous Endoscopic Approach', '2017-04-12', 30, 3, 4, 1),
(231, 'https://picsum.photos/id/926/200/200', 'Crazies, The', 100, '833-3-36-303143-6', 'Extirpation of Matter from Left Subclavian Artery, Percutaneous Endoscopic Approach', '2000-11-23', 47, 3, 6, 0),
(232, 'https://picsum.photos/id/288/200/200', 'Milky Way, The', 43, '679-3-90-133780-4', 'Drainage of Right Ulna, Open Approach, Diagnostic', '2001-04-27', 25, 2, 2, 1),
(233, 'https://picsum.photos/id/535/200/200', 'Joshua', 40, '129-0-37-948701-7', 'Revision of Nonautologous Tissue Substitute in Right Breast, Via Natural or Artificial Opening Endoscopic', '2018-10-28', 25, 2, 3, 1),
(236, 'https://picsum.photos/id/34/200/200', 'American Wedding (American Pie 3)', 127, '328-3-15-372902-0', 'Computerized Tomography (CT Scan) of Left Elbow using Low Osmolar Contrast', '2002-08-10', 30, 1, 5, 0),
(237, 'https://picsum.photos/id/526/200/200', 'Miss Austen Regrets', 80, '679-3-99-953752-5', 'Insertion of Pressure Sensor Monitoring Device into Left Atrium, Percutaneous Approach', '1997-12-20', 48, 1, 1, 0),
(238, 'https://picsum.photos/id/726/200/200', 'Servant, The', 86, '464-0-51-865880-7', 'Replacement of Nasal Turbinate with Autologous Tissue Substitute, Via Natural or Artificial Opening', '1999-05-01', 19, 3, 4, 1),
(239, 'https://picsum.photos/id/58/200/200', 'The Rebel', 150, '168-0-64-180788-6', 'Release Lung Lingula, Percutaneous Endoscopic Approach', '2016-09-28', 19, 2, 3, 1),
(240, 'https://picsum.photos/id/204/200/200', 'Bridge, The (Die Brücke)', 155, '240-2-13-581867-1', 'Occlusion of Left Inguinal Lymphatic, Percutaneous Approach', '1999-06-15', 9, 1, 2, 0),
(241, 'https://picsum.photos/id/869/200/200', 'The Boy Who Cried Werewolf', 46, '736-3-21-968414-5', 'Restriction of Right Kidney Pelvis with Intraluminal Device, Via Natural or Artificial Opening', '1995-06-09', 30, 1, 6, 1),
(242, 'https://picsum.photos/id/217/200/200', 'The Little Polar Bear: Lars and the Little Tiger', 157, '546-2-16-621430-3', 'Revision of Autologous Tissue Substitute in Left Fibula, Percutaneous Approach', '2007-11-02', 40, 3, 4, 1),
(243, 'https://picsum.photos/id/526/200/200', 'Reflections in a Golden Eye', 60, '495-0-19-414882-1', 'Revision of Infusion Device in Left Lung, Via Natural or Artificial Opening Endoscopic', '2003-11-20', 28, 2, 2, 0),
(244, 'https://picsum.photos/id/919/200/200', 'There\'s Always A Woman', 77, '897-0-52-473115-1', 'Bypass Common Bile Duct to Duodenum with Intraluminal Device, Open Approach', '1996-09-04', 40, 2, 2, 1),
(245, 'https://picsum.photos/id/972/200/200', 'Solas', 85, '872-3-42-111020-2', 'Transfusion of Nonautologous Factor IX into Central Artery, Percutaneous Approach', '2000-09-04', 14, 2, 3, 1),
(246, 'https://picsum.photos/id/649/200/200', 'Chocolat', 33, '427-3-87-936697-1', 'Plain Radiography of Bilateral Parotid Glands using Low Osmolar Contrast', '2016-05-31', 41, 2, 3, 1),
(247, 'https://picsum.photos/id/240/200/200', 'Hot Pepper', 153, '317-0-60-892517-5', 'Dilation of Left Parotid Duct, Open Approach', '2005-04-25', 36, 1, 2, 0),
(248, 'https://picsum.photos/id/700/200/200', 'In Their Skin', 80, '265-1-13-487071-4', 'Excision of Left Vertebral Vein, Percutaneous Approach, Diagnostic', '2008-02-21', 24, 2, 5, 0),
(249, 'https://picsum.photos/id/282/200/200', 'One Million Years B.C.', 3, '721-2-74-834968-9', 'Dilation of Left Foot Artery, Bifurcation, with Three Intraluminal Devices, Percutaneous Endoscopic Approach', '2016-09-06', 10, 3, 3, 0),
(250, 'https://picsum.photos/id/1047/200/200', 'Double Hour, The (La doppia ora)', 195, '520-1-51-347084-7', 'Revision of Autologous Tissue Substitute in Upper Extremity Subcutaneous Tissue and Fascia, Percutaneous Approach', '1993-05-09', 34, 3, 5, 1),
(251, 'https://picsum.photos/id/50/200/200', 'Farewell, My Queen (Les adieux à la reine)', 51, '214-2-81-676951-3', 'Introduction of Destructive Agent into Central Vein, Percutaneous Approach', '2007-05-05', 2, 1, 2, 0),
(253, 'https://picsum.photos/id/113/200/200', 'Girl Next Door, The', 197, '726-2-32-347316-9', 'Immobilization of Head using Other Device', '2015-08-10', 3, 1, 6, 1),
(254, 'https://picsum.photos/id/1050/200/200', 'Hell Comes to Frogtown', 147, '135-3-58-938425-2', 'Repair Perineum Bursa and Ligament, Percutaneous Approach', '2002-05-18', 5, 1, 5, 0),
(255, 'https://picsum.photos/id/836/200/200', 'O Lucky Man!', 102, '512-3-50-856844-9', 'Revision of Drainage Device in Lower Tendon, Open Approach', '2002-02-14', 33, 1, 4, 0),
(257, 'https://picsum.photos/id/60/200/200', 'Enemies: A Love Story', 61, '547-0-88-715227-9', 'Computerized Tomography (CT Scan) of Bilateral Hands and Wrists', '2018-01-26', 18, 2, 4, 0),
(258, 'https://picsum.photos/id/590/200/200', 'One Mile Away', 43, '357-0-89-347683-9', 'Dilation of Cecum with Intraluminal Device, Via Natural or Artificial Opening Endoscopic', '1999-10-11', 42, 2, 2, 0),
(259, 'https://picsum.photos/id/448/200/200', 'Finger, The (Dedo, El)', 20, '192-2-44-276767-1', 'Drainage of Large Intestine, Via Natural or Artificial Opening, Diagnostic', '2004-09-26', 28, 2, 2, 1),
(260, 'https://picsum.photos/id/436/200/200', 'Battlefield Baseball (Jigoku kôshien)', 12, '450-1-68-160773-7', 'Resection of Bilateral Fallopian Tubes, Percutaneous Endoscopic Approach', '2017-03-21', 22, 3, 2, 1),
(261, 'https://picsum.photos/id/119/200/200', 'I Capture the Castle', 32, '690-2-20-780909-9', 'Revision of Autologous Tissue Substitute in Right Sacroiliac Joint, Percutaneous Approach', '1999-05-08', 30, 3, 3, 0),
(262, 'https://picsum.photos/id/807/200/200', 'Blood: The Last Vampire', 83, '942-1-93-704830-9', 'Removal of Synthetic Substitute from Face, Percutaneous Endoscopic Approach', '2018-05-25', 44, 2, 2, 0),
(263, 'https://picsum.photos/id/104/200/200', 'Walk Like a Man', 119, '497-1-73-802038-8', 'Excision of Right Common Iliac Artery, Open Approach, Diagnostic', '1991-12-02', 13, 2, 1, 1),
(264, 'https://picsum.photos/id/506/200/200', 'We Are the Best! (Vi är bäst!)', 142, '858-0-12-235451-7', 'Bypass Ileum to Anus, Via Natural or Artificial Opening Endoscopic', '2012-09-19', 38, 2, 4, 1),
(265, 'https://picsum.photos/id/638/200/200', 'Woman of Paris, A', 86, '824-1-23-195620-5', 'Supplement Right Temporal Artery with Autologous Tissue Substitute, Percutaneous Endoscopic Approach', '2015-08-09', 6, 2, 1, 0),
(266, 'https://picsum.photos/id/106/200/200', 'The Burglar', 117, '207-0-88-867305-9', 'Supplement Left Thorax Muscle with Autologous Tissue Substitute, Percutaneous Endoscopic Approach', '2002-12-16', 38, 2, 2, 1),
(267, 'https://picsum.photos/id/618/200/200', 'Erkan & Stefan 2', 47, '629-1-75-498515-1', 'Repair Large Intestine, Via Natural or Artificial Opening', '1997-10-20', 1, 2, 3, 1),
(268, 'https://picsum.photos/id/268/200/200', 'King Leopold\'s Ghost', 77, '158-2-65-105343-6', 'Drainage of Left Knee Region, Percutaneous Approach, Diagnostic', '2019-01-19', 26, 3, 5, 0),
(269, 'https://picsum.photos/id/32/200/200', 'Bright Days Ahead', 42, '189-2-10-356376-4', 'Restriction of Pelvis Lymphatic with Extraluminal Device, Open Approach', '1996-12-31', 17, 3, 1, 0),
(270, 'https://picsum.photos/id/516/200/200', 'My Man Godfrey', 87, '457-1-13-839469-5', 'Computerized Tomography (CT Scan) of Right Upper Extremity', '1995-04-10', 47, 2, 1, 1);
INSERT INTO `media` (`media_id`, `image`, `title`, `fk_author`, `isbn`, `description`, `publish_date`, `fk_publisher`, `fk_type`, `fk_genre`, `fk_available`) VALUES
(271, 'https://picsum.photos/id/627/200/200', 'Fugly!', 30, '320-3-24-582595-2', 'Excision of Left Ankle Region, Percutaneous Approach', '2013-09-30', 26, 3, 5, 1),
(272, 'https://picsum.photos/id/546/200/200', 'Kajaki', 185, '198-0-88-790900-1', 'Drainage of Left Hand Vein, Percutaneous Endoscopic Approach', '2010-10-12', 28, 1, 6, 1),
(273, 'https://picsum.photos/id/2/200/200', 'Avalanche', 58, '385-3-30-669676-7', 'Removal of Nonautologous Tissue Substitute from Right Ulna, Percutaneous Approach', '1997-12-16', 33, 3, 5, 0),
(274, 'https://picsum.photos/id/73/200/200', 'Zero Tolerance (Noll tolerans)', 163, '544-3-88-921055-1', 'Computerized Tomography (CT Scan) of Cervical Spine', '2019-08-30', 9, 1, 2, 0),
(275, 'https://picsum.photos/id/416/200/200', 'Split, The', 107, '679-1-23-845616-1', 'Computerized Tomography (CT Scan) of Bilateral Pulmonary Veins using Low Osmolar Contrast, Unenhanced and Enhanced', '1993-01-14', 36, 2, 4, 1),
(277, 'https://picsum.photos/id/18/200/200', 'Henry: Portrait of a Serial Killer', 71, '446-0-33-929934-1', 'Resection of Uterine Supporting Structure, Via Natural or Artificial Opening', '1993-04-15', 7, 3, 6, 0),
(278, 'https://picsum.photos/id/737/200/200', 'Nativity Story, The', 17, '606-2-11-283149-3', 'Irrigation of Male Reproductive using Irrigating Substance, Percutaneous Approach', '2012-01-01', 5, 3, 1, 0),
(279, 'https://picsum.photos/id/921/200/200', 'Return of Frank Cannon, The', 64, '230-0-74-629906-0', 'Nonimaging Nuclear Medicine Probe of Head Lymphatics using Technetium 99m (Tc-99m)', '2017-12-19', 11, 1, 3, 0),
(280, 'https://picsum.photos/id/392/200/200', 'Quadrophenia', 73, '866-1-18-882526-0', 'Destruction of Thoracic Nerve, Percutaneous Approach', '1997-10-05', 13, 3, 2, 1),
(281, 'https://picsum.photos/id/215/200/200', 'Rebellion (L\'ordre et la morale)', 97, '790-2-23-725116-1', 'Replacement of Right Upper Arm Tendon with Synthetic Substitute, Open Approach', '2000-12-20', 31, 1, 1, 1),
(282, 'https://picsum.photos/id/807/200/200', 'War Comes to America (Why We Fight, 7)', 81, '440-1-44-102659-0', 'Dilation of Coronary Artery, Two Arteries, Bifurcation, with Drug-eluting Intraluminal Device, Percutaneous Approach', '1994-04-10', 39, 3, 4, 1),
(283, 'https://picsum.photos/id/851/200/200', 'Every Which Way But Loose', 63, '552-0-22-418344-7', 'Removal of Autologous Tissue Substitute from Lower Back, Percutaneous Endoscopic Approach', '2015-09-17', 16, 1, 3, 0),
(284, 'https://picsum.photos/id/695/200/200', 'Every Other Week (Varannan vecka)', 108, '776-1-18-926282-9', 'Revision of Autologous Tissue Substitute in Right Finger Phalangeal Joint, Percutaneous Endoscopic Approach', '2004-02-24', 40, 3, 1, 0),
(285, 'https://picsum.photos/id/973/200/200', 'Bamboozled', 2, '262-1-96-522843-1', 'Restriction of Left Upper Lobe Bronchus with Intraluminal Device, Via Natural or Artificial Opening Endoscopic', '2014-11-26', 21, 1, 5, 1),
(286, 'https://picsum.photos/id/365/200/200', 'Old Lady and the Pigeons, The (La vieille dame et les pigeons)', 122, '307-1-18-999055-8', 'Revision of Synthetic Substitute in Cervical Vertebral Disc, Percutaneous Approach', '1994-08-19', 15, 2, 5, 1),
(287, 'https://picsum.photos/id/186/200/200', 'Coogan\'s Bluff', 30, '168-3-74-919794-4', 'Excision of Left Ulnar Artery, Open Approach', '1991-09-13', 19, 1, 3, 1),
(288, 'https://picsum.photos/id/982/200/200', 'Judy Berlin', 72, '690-1-62-648521-9', 'Immobilization of Right Lower Extremity using Brace', '2008-12-08', 16, 1, 2, 0),
(289, 'https://picsum.photos/id/1014/200/200', 'Billy\'s Holiday', 194, '731-3-99-732337-9', 'Bypass Superior Vena Cava to Right Pulmonary Vein with Nonautologous Tissue Substitute, Open Approach', '1993-09-02', 18, 2, 4, 0),
(290, 'https://picsum.photos/id/175/200/200', 'Jesus liebt mich', 83, '904-1-83-782705-7', 'Supplement Superior Mesenteric Vein with Nonautologous Tissue Substitute, Percutaneous Approach', '2007-02-14', 16, 2, 4, 1),
(291, 'https://picsum.photos/id/668/200/200', 'Pure Luck', 67, '633-1-65-269376-1', 'Revision of Intraluminal Device in Hepatobiliary Duct, Via Natural or Artificial Opening', '2013-05-23', 3, 1, 2, 0),
(292, 'https://picsum.photos/id/501/200/200', 'Hideous Kinky', 32, '350-3-29-627277-4', 'Removal of Drainage Device from Skull, Open Approach', '2004-02-27', 29, 2, 2, 0),
(293, 'https://picsum.photos/id/27/200/200', 'Elvis on Tour', 180, '631-3-90-218494-4', 'Excision of Superior Mesenteric Vein, Percutaneous Approach', '1997-10-20', 16, 2, 5, 0),
(294, 'https://picsum.photos/id/820/200/200', 'Girl Walk: All Day', 134, '676-3-80-790770-9', 'Bypass Coronary Artery, Two Arteries from Aorta with Synthetic Substitute, Open Approach', '2003-09-30', 43, 3, 6, 0),
(295, 'https://picsum.photos/id/905/200/200', 'Incredible Burt Wonderstone, The', 197, '215-3-36-983089-7', 'Drainage of Left Upper Arm Subcutaneous Tissue and Fascia with Drainage Device, Percutaneous Approach', '1992-03-05', 18, 3, 6, 1),
(296, 'https://picsum.photos/id/72/200/200', 'Girls on the Road (a.k.a. Hot Summer Week)', 20, '415-2-72-693641-7', 'Drainage of Left Ethmoid Bone, Percutaneous Approach', '2009-09-26', 2, 2, 4, 1),
(297, 'https://picsum.photos/id/656/200/200', 'Ideal Husband, An', 22, '913-0-14-721710-1', 'Immobilization of Neck using Splint', '1994-11-02', 21, 2, 1, 0),
(298, 'https://picsum.photos/id/468/200/200', 'Hercules and the Circle of Fire', 104, '285-2-21-367074-2', 'Voice Assessment using Aerodynamic Function Equipment', '2003-09-30', 25, 1, 6, 1),
(299, 'https://picsum.photos/id/569/200/200', 'Green Pastures, The', 6, '779-0-75-717607-4', 'Replacement of Right Occipital Bone with Synthetic Substitute, Percutaneous Approach', '2003-11-21', 47, 2, 4, 0),
(300, 'https://picsum.photos/id/650/200/200', 'Artists and Models', 52, '880-2-78-949274-4', 'Drainage of Left Lower Extremity, Open Approach', '1992-06-15', 41, 1, 2, 0),
(301, 'https://picsum.photos/id/502/200/200', 'Millions Game, The (Das Millionenspiel)', 104, '515-0-55-351921-3', 'Reposition Right Face Vein, Open Approach', '2012-07-14', 5, 1, 5, 1),
(303, 'https://picsum.photos/id/994/200/200', 'My Boyfriends\' Dogs', 3, '531-3-63-893680-9', 'Reposition Right Metacarpocarpal Joint with Internal Fixation Device, Open Approach', '1992-06-15', 30, 3, 6, 0),
(304, 'https://picsum.photos/id/804/200/200', 'Falls, The', 188, '670-1-97-587832-0', 'Fragmentation in Pericardium, Percutaneous Endoscopic Approach', '2008-11-06', 13, 3, 4, 0),
(305, 'https://picsum.photos/id/993/200/200', 'Like It Is', 190, '580-1-77-772800-1', 'Extirpation of Matter from Left Ankle Joint, Percutaneous Approach', '2013-08-12', 12, 3, 5, 1),
(306, 'https://picsum.photos/id/399/200/200', 'Hollow Triumph (a.k.a. The Scar)', 147, '971-3-82-362596-3', 'Reattachment of Right Lower Leg Muscle, Percutaneous Endoscopic Approach', '2012-02-03', 5, 3, 5, 0),
(307, 'https://picsum.photos/id/476/200/200', 'Gurren Lagann: Childhood\'s End (Gekijô ban Tengen toppa guren ragan: Guren hen)', 49, '225-1-17-241068-9', 'Removal of Synthetic Substitute from Peritoneum, Percutaneous Endoscopic Approach', '1993-08-29', 44, 2, 4, 0),
(308, 'https://picsum.photos/id/471/200/200', 'Violence at Noon (Hakuchu no torima)', 39, '170-2-92-397144-7', 'Repair Jejunum, Open Approach', '2014-03-06', 34, 2, 2, 1),
(309, 'https://picsum.photos/id/493/200/200', 'Forty Guns', 122, '955-0-11-969323-8', 'Repair Left External Iliac Artery, Percutaneous Approach', '2001-06-06', 16, 3, 2, 1),
(311, 'https://picsum.photos/id/678/200/200', 'Valentine Road', 21, '776-2-95-720562-6', 'Release Left Thyroid Gland Lobe, Percutaneous Approach', '2003-08-28', 39, 3, 4, 1),
(312, 'https://picsum.photos/id/605/200/200', 'Pure Country', 151, '269-2-17-950938-1', 'Replacement of Left Humeral Head with Autologous Tissue Substitute, Open Approach', '1995-06-30', 4, 3, 4, 1),
(313, 'https://picsum.photos/id/382/200/200', 'Sebastian Maniscalco: What\'s Wrong with People?', 191, '462-0-33-286031-8', 'Transfer Right Trunk Muscle with Subcutaneous Tissue, Open Approach', '1991-05-13', 18, 3, 2, 0),
(314, 'https://picsum.photos/id/170/200/200', 'Manic', 137, '587-1-99-215970-7', 'Fusion of 2 or more Cervical Vertebral Joints, Posterior Approach, Anterior Column, Percutaneous Approach', '1992-02-01', 8, 1, 6, 0),
(315, 'https://picsum.photos/id/319/200/200', 'Semi-Tough', 27, '969-3-38-804785-5', 'Extirpation of Matter from Right Lower Femur, Open Approach', '1992-12-28', 48, 1, 5, 1),
(316, 'https://picsum.photos/id/1025/200/200', 'Gator', 190, '806-0-83-162857-2', 'Release Lower Tooth, Multiple, External Approach', '2006-11-23', 29, 3, 4, 0),
(317, 'https://picsum.photos/id/458/200/200', 'Submarine', 85, '533-2-23-826756-3', 'Restriction of Right Brachial Vein with Intraluminal Device, Percutaneous Approach', '1992-12-15', 17, 1, 3, 1),
(318, 'https://picsum.photos/id/114/200/200', 'All-Star Superman', 182, '775-0-31-425666-4', 'Supplement Left Sacroiliac Joint with Synthetic Substitute, Percutaneous Endoscopic Approach', '1999-07-15', 32, 3, 2, 0),
(319, 'https://picsum.photos/id/323/200/200', 'Sex and the City', 77, '172-3-69-202516-3', 'Ultrasonography of Upper Extremity', '1996-09-10', 31, 3, 4, 0),
(320, 'https://picsum.photos/id/18/200/200', 'Delirium', 8, '329-0-70-989863-5', 'Release Left Spermatic Cord, Percutaneous Approach', '2003-01-03', 4, 2, 5, 1),
(321, 'https://picsum.photos/id/316/200/200', 'Michael the Brave (Mihai Viteazul)', 72, '292-1-53-527433-8', 'Supplement Lower Jaw with Nonautologous Tissue Substitute, Percutaneous Endoscopic Approach', '1997-09-09', 34, 3, 3, 1),
(322, 'https://picsum.photos/id/413/200/200', 'Cry_Wolf (a.k.a. Cry Wolf)', 168, '206-2-52-897008-3', 'Repair Right Large Intestine, Via Natural or Artificial Opening', '1991-07-02', 22, 3, 5, 1),
(323, 'https://picsum.photos/id/942/200/200', 'Alien³ (a.k.a. Alien 3)', 36, '599-3-71-288154-6', 'Drainage of Left Lobe Liver, Percutaneous Endoscopic Approach', '2001-12-05', 11, 2, 4, 1),
(324, 'https://picsum.photos/id/684/200/200', 'Love (Szerelem)', 61, '397-3-50-728087-8', 'Stereotactic Gamma Beam Radiosurgery of Rectum', '2014-09-03', 42, 1, 5, 1),
(325, 'https://picsum.photos/id/234/200/200', 'Glass House, The', 97, '662-3-41-739503-2', 'Range of Motion and Joint Mobility Treatment of Integumentary System - Upper Back / Upper Extremity using Prosthesis', '1995-12-21', 36, 1, 1, 0),
(326, 'https://picsum.photos/id/996/200/200', 'Trader Horn', 41, '649-0-13-777786-5', 'Release Right Knee Tendon, External Approach', '2018-11-03', 30, 1, 1, 0),
(327, 'https://picsum.photos/id/441/200/200', 'Truth of Lie, The (Die Wahrheit der Lüge)', 113, '635-3-99-390647-3', 'Drainage of Left Upper Extremity Bursa and Ligament with Drainage Device, Percutaneous Approach', '2016-08-28', 24, 2, 5, 0),
(328, 'https://picsum.photos/id/677/200/200', 'Pumzi', 145, '259-0-83-882573-2', 'Excision of Left Lacrimal Bone, Open Approach', '1991-01-26', 42, 3, 6, 1),
(329, 'https://picsum.photos/id/10/200/200', 'Wives and Lovers', 77, '738-1-63-946742-6', 'Repair Genitalia Skin, External Approach', '2000-04-06', 25, 2, 2, 1),
(330, 'https://picsum.photos/id/998/200/200', 'In Love and War', 108, '286-1-93-341067-9', 'Supplement Left Ureter with Nonautologous Tissue Substitute, Via Natural or Artificial Opening Endoscopic', '2011-09-08', 4, 2, 1, 1),
(332, 'https://picsum.photos/id/824/200/200', 'Game of Chance (Onnenpeli)', 131, '675-3-11-460143-3', 'Excision of Brachial Plexus, Percutaneous Approach, Diagnostic', '1997-09-26', 8, 3, 6, 1),
(333, 'https://picsum.photos/id/486/200/200', 'Lower City (Cidade Baixa)', 75, '330-0-25-418158-5', 'Chiropractic Manipulation of Lower Extremities, Direct Visceral', '2016-06-04', 5, 3, 3, 0),
(334, 'https://picsum.photos/id/841/200/200', 'Hell', 84, '179-0-79-503101-5', 'Fragmentation in Large Intestine, Percutaneous Endoscopic Approach', '2014-01-13', 7, 3, 3, 1),
(335, 'https://picsum.photos/id/914/200/200', 'Frankenhooker', 109, '729-1-51-756087-0', 'Drainage of Left Buttock, Percutaneous Approach', '2004-02-06', 27, 2, 4, 1),
(337, 'https://picsum.photos/id/695/200/200', 'Associate, The', 99, '426-2-58-883726-7', 'Removal of Internal Fixation Device from Right Metatarsal, Percutaneous Endoscopic Approach', '2013-09-28', 18, 3, 4, 0),
(339, 'https://picsum.photos/id/459/200/200', 'Game of Death', 167, '669-0-80-939313-8', 'Drainage of Left Internal Iliac Artery with Drainage Device, Percutaneous Endoscopic Approach', '2008-07-20', 14, 1, 6, 1),
(340, 'https://picsum.photos/id/984/200/200', 'All Watched Over by Machines of Loving Grace', 104, '568-3-43-321105-3', 'Restriction of Right Common Iliac Artery with Branched or Fenestrated Intraluminal Device, One or Two Arteries, Open Approach', '2009-08-28', 35, 2, 3, 0),
(341, 'https://picsum.photos/id/339/200/200', 'Wrecked', 157, '993-3-73-538388-6', 'Bypass Left Fallopian Tube to Uterus with Autologous Tissue Substitute, Percutaneous Endoscopic Approach', '2002-08-13', 11, 3, 4, 1),
(342, 'https://picsum.photos/id/730/200/200', 'Swindle, The (Rien ne va plus)', 2, '253-1-75-380223-1', 'Repair Left Pulmonary Vein, Percutaneous Endoscopic Approach', '2000-03-19', 32, 2, 1, 1),
(343, 'https://picsum.photos/id/938/200/200', 'My Awkward Sexual Adventure', 140, '310-1-57-862929-8', 'Occlusion of Left Internal Mammary Artery, Percutaneous Endoscopic Approach', '2006-09-23', 6, 3, 3, 0),
(344, 'https://picsum.photos/id/221/200/200', 'The D.I.', 98, '279-3-62-429256-3', 'Bypass Right Common Iliac Artery to Right Femoral Artery with Autologous Arterial Tissue, Percutaneous Endoscopic Approach', '2018-08-29', 1, 2, 4, 0),
(345, 'https://picsum.photos/id/527/200/200', 'Fiorile', 35, '264-3-50-108378-0', 'Insertion of Ring External Fixation Device into Right Lower Femur, Percutaneous Approach', '2015-03-28', 4, 1, 6, 0),
(346, 'https://picsum.photos/id/521/200/200', 'Jason Becker: Not Dead Yet', 176, '672-2-40-886571-0', 'Revision of Autologous Tissue Substitute in Cervicothoracic Vertebral Disc, Open Approach', '1999-08-02', 26, 1, 6, 0),
(347, 'https://picsum.photos/id/671/200/200', 'Reality', 28, '575-0-50-453969-2', 'Fusion of 2 or more Cervical Vertebral Joints, Posterior Approach, Anterior Column, Open Approach', '2009-07-12', 11, 2, 5, 1),
(348, 'https://picsum.photos/id/385/200/200', 'Winds of the Wasteland', 130, '710-2-23-695892-6', 'Restriction of Left Pulmonary Artery, Percutaneous Endoscopic Approach', '2012-05-20', 50, 3, 1, 1),
(349, 'https://picsum.photos/id/1026/200/200', 'Dying Swan, The (Umirayushchii lebed)', 5, '652-3-82-881614-5', 'Introduction of Other Thrombolytic into Central Vein, Open Approach', '2019-08-24', 36, 1, 4, 0),
(350, 'https://picsum.photos/id/869/200/200', 'Tiny Toon Adventures: How I Spent My Vacation', 94, '904-0-39-428431-5', 'Inspection of Finger Nail, External Approach', '2019-06-26', 19, 1, 2, 0),
(351, 'https://picsum.photos/id/674/200/200', 'All the Brothers Were Valiant', 22, '392-1-18-868382-0', 'Revision of Autologous Tissue Substitute in Right Tympanic Membrane, Via Natural or Artificial Opening', '2010-02-14', 19, 1, 3, 0),
(352, 'https://picsum.photos/id/283/200/200', 'I\'m Crazy About Iris Blond', 168, '231-0-88-336726-9', 'Resection of Left Sphenoid Sinus, Percutaneous Endoscopic Approach', '2012-01-25', 37, 1, 6, 1),
(353, 'https://picsum.photos/id/591/200/200', 'Unfinished Life, An', 188, '777-0-61-278731-9', 'Nonimaging Nuclear Medicine Probe of Head and Neck Lymphatics using Technetium 99m (Tc-99m)', '2014-07-05', 12, 3, 1, 1),
(354, 'https://picsum.photos/id/1066/200/200', 'First Nudie Musical, The', 20, '355-0-39-382411-1', 'Removal of Infusion Device from Bladder, Via Natural or Artificial Opening Endoscopic', '2013-02-18', 16, 1, 4, 0),
(355, 'https://picsum.photos/id/887/200/200', 'Thoughtcrimes', 191, '205-0-72-718115-4', 'Reposition Left Ankle Tendon, Percutaneous Endoscopic Approach', '1991-08-23', 40, 1, 1, 1),
(356, 'https://picsum.photos/id/354/200/200', 'Overnight Delivery', 51, '784-2-45-500922-4', 'Drainage of Prepuce, External Approach, Diagnostic', '2015-02-06', 43, 3, 3, 1),
(357, 'https://picsum.photos/id/811/200/200', 'Primeval', 96, '476-0-78-573216-7', 'Drainage of Aortic Body, Percutaneous Approach, Diagnostic', '2017-11-15', 44, 1, 1, 1),
(358, 'https://picsum.photos/id/684/200/200', 'Spider Lilies (Ci qing)', 137, '602-3-56-206920-9', 'Release Right Sacroiliac Joint, External Approach', '2001-09-01', 39, 2, 2, 1),
(359, 'https://picsum.photos/id/776/200/200', 'Sum of All Fears, The', 147, '483-1-72-311899-8', 'Drainage of Hepatic Artery, Percutaneous Endoscopic Approach, Diagnostic', '2016-09-23', 4, 1, 5, 0),
(360, 'https://picsum.photos/id/158/200/200', 'Revolution #9', 3, '994-0-35-446930-0', 'Dilation of Left Upper Lobe Bronchus, Via Natural or Artificial Opening', '2018-06-29', 1, 3, 1, 0),
(361, 'https://picsum.photos/id/249/200/200', 'Marat/Sade', 30, '971-3-80-866260-8', 'Supplement Thoracic Aorta, Descending with Zooplastic Tissue, Open Approach', '2006-07-01', 6, 3, 1, 1),
(362, 'https://picsum.photos/id/948/200/200', 'Clean', 44, '307-2-41-123185-7', 'Extirpation of Matter from Left Renal Artery, Bifurcation, Open Approach', '1991-07-06', 47, 3, 1, 1),
(363, 'https://picsum.photos/id/305/200/200', 'Diary of a Nymphomaniac (Diario de una Ninfómana)', 184, '649-2-26-849740-4', 'Bypass Right Atrium to Pulmonary Trunk with Autologous Venous Tissue, Percutaneous Endoscopic Approach', '2015-12-13', 7, 3, 6, 0),
(365, 'https://picsum.photos/id/571/200/200', 'Wild America', 150, '522-2-54-827361-2', 'Extirpation of Matter from Left Humeral Shaft, Open Approach', '2019-07-01', 35, 3, 3, 1),
(366, 'https://picsum.photos/id/672/200/200', 'Forced to Kill', 186, '925-2-42-552210-6', 'Introduction of Insulin into Peripheral Vein, Percutaneous Approach', '1993-12-07', 5, 1, 1, 1),
(368, 'https://picsum.photos/id/888/200/200', 'Collision Course', 195, '529-1-23-817538-2', 'Insertion of Infusion Device into Right Common Iliac Vein, Percutaneous Endoscopic Approach', '2001-12-21', 42, 2, 4, 1),
(369, 'https://picsum.photos/id/1010/200/200', 'Nine to Five (a.k.a. 9 to 5)', 7, '826-3-81-608812-9', 'Resection of Papillary Muscle, Percutaneous Approach', '2001-07-03', 42, 1, 2, 1),
(370, 'https://picsum.photos/id/375/200/200', 'Read It and Weep', 183, '170-0-62-675966-4', 'Fusion of Left Ankle Joint with External Fixation Device, Percutaneous Approach', '2012-10-11', 38, 2, 2, 0),
(371, 'https://picsum.photos/id/910/200/200', 'Wish You Were Here', 169, '817-0-41-560888-0', 'Revision of Autologous Tissue Substitute in Left Humeral Head, Open Approach', '2015-05-25', 24, 1, 2, 1),
(372, 'https://picsum.photos/id/454/200/200', 'Haunting at Silver Falls, A', 77, '810-2-41-320708-0', 'Excision of Right Glenoid Cavity, Open Approach', '2018-02-02', 25, 2, 4, 1),
(373, 'https://picsum.photos/id/92/200/200', 'Blood on Satan\'s Claw (a.k.a. Satan\'s Skin)', 158, '902-0-72-889046-7', 'Insertion of Infusion Device into Right Shoulder Joint, Percutaneous Approach', '2016-11-11', 50, 1, 3, 0),
(374, 'https://picsum.photos/id/698/200/200', 'Baraka', 115, '334-2-89-766416-9', 'Excision of Lumbar Vertebral Joint, Percutaneous Endoscopic Approach, Diagnostic', '2000-03-27', 50, 3, 5, 0),
(375, 'https://picsum.photos/id/292/200/200', 'Death of a Dynasty', 118, '823-1-93-986622-3', 'Reposition Right External Iliac Vein, Open Approach', '2010-02-21', 6, 1, 6, 1),
(376, 'https://picsum.photos/id/27/200/200', 'Philadelphia Story, The', 144, '982-2-71-341456-2', 'Ultrasonography of Second Trimester, Multiple Gestation', '2016-11-26', 4, 3, 4, 0),
(377, 'https://picsum.photos/id/289/200/200', 'Mr. & Mrs. Bridge', 56, '891-2-45-750906-9', 'Excision of Lumbosacral Plexus, Percutaneous Approach, Diagnostic', '2007-12-30', 25, 2, 2, 1),
(378, 'https://picsum.photos/id/767/200/200', 'Vampire Bat, The', 9, '179-1-22-594322-0', 'Insertion of Monitoring Device into Ureter, Percutaneous Endoscopic Approach', '2016-03-28', 18, 1, 1, 1),
(379, 'https://picsum.photos/id/942/200/200', 'Pulse (Kairo)', 176, '881-2-95-928141-8', 'Dilation of Left Brachial Artery, Bifurcation, with Two Intraluminal Devices, Open Approach', '1992-07-06', 33, 1, 3, 1),
(380, 'https://picsum.photos/id/367/200/200', 'Spy Next Door, The', 47, '931-3-51-753631-5', 'Repair Right Ankle Region, Percutaneous Endoscopic Approach', '2019-06-13', 27, 3, 1, 1),
(381, 'https://picsum.photos/id/659/200/200', 'Cook the Thief His Wife & Her Lover, The', 173, '632-2-10-840714-8', 'Systemic Nuclear Medicine Therapy of Thyroid using Iodine 131 (I-131)', '1990-12-29', 32, 1, 6, 0),
(382, 'https://picsum.photos/id/551/200/200', 'It\'s the Great Pumpkin, Charlie Brown', 74, '264-2-89-889525-2', 'Supplement Large Intestine with Autologous Tissue Substitute, Via Natural or Artificial Opening', '1994-08-28', 11, 3, 4, 0),
(383, 'https://picsum.photos/id/738/200/200', 'Louis C.K.: Live at the Beacon Theater', 107, '551-0-58-874775-2', 'Bypass Right Ulnar Artery to Lower Arm Vein with Autologous Arterial Tissue, Open Approach', '2016-08-10', 23, 3, 4, 1),
(384, 'https://picsum.photos/id/266/200/200', 'Much Ado About Nothing', 176, '715-2-94-397260-9', 'Introduction of High-dose Interleukin-2 into Central Artery, Open Approach', '2008-08-10', 16, 3, 4, 0),
(385, 'https://picsum.photos/id/553/200/200', 'Robin Williams: Weapons of Self Destruction', 43, '554-3-32-123697-2', 'Drainage of Nasopharynx, Percutaneous Endoscopic Approach', '2003-07-28', 46, 1, 2, 1),
(386, 'https://picsum.photos/id/531/200/200', 'World, The (Shijie)', 137, '479-1-99-700857-5', 'Restriction of Right Thyroid Artery with Intraluminal Device, Open Approach', '2009-09-05', 50, 2, 4, 0),
(387, 'https://picsum.photos/id/357/200/200', 'Good bye, Lenin!', 39, '449-1-40-265109-2', 'Bypass Left Axillary Artery to Bilateral Upper Leg Artery, Open Approach', '2019-01-02', 50, 1, 5, 0),
(389, 'https://picsum.photos/id/200/200/200', '44500 Max', 77, '764-0-65-490008-5', 'Drainage of Bladder, Percutaneous Endoscopic Approach', '2010-12-13', 9, 3, 6, 0),
(391, 'https://picsum.photos/id/476/200/200', 'Lift, De', 49, '240-1-33-967322-3', 'Replacement of Left Fibula with Synthetic Substitute, Open Approach', '2004-02-28', 46, 2, 1, 1),
(392, 'https://picsum.photos/id/625/200/200', 'Knights of Badassdom', 189, '982-2-93-349410-8', 'Bypass Jejunum to Rectum, Percutaneous Endoscopic Approach', '2004-09-01', 20, 1, 5, 1),
(393, 'https://picsum.photos/id/898/200/200', 'Starting Out in the Evening', 30, '719-0-26-187563-2', 'Dilation of Coronary Artery, Four or More Arteries, Bifurcation, with Four or More Intraluminal Devices, Percutaneous Approach', '2004-05-07', 1, 1, 1, 1),
(394, 'https://picsum.photos/id/678/200/200', 'Friday the 13th Part IV: The Final Chapter', 5, '276-2-24-395661-5', 'Transfer Optic Nerve to Facial Nerve, Percutaneous Endoscopic Approach', '2017-01-01', 13, 2, 3, 0),
(395, 'https://picsum.photos/id/574/200/200', 'Gravedancers, The', 6, '467-1-25-270383-5', 'Magnetic Resonance Imaging (MRI) of Left Knee', '2014-06-10', 46, 3, 2, 0),
(396, 'https://picsum.photos/id/434/200/200', 'Bel Ami', 13, '206-0-35-355876-1', 'Bypass Right Pleural Cavity to Cutaneous with Synthetic Substitute, Percutaneous Endoscopic Approach', '1995-05-21', 27, 2, 5, 0),
(397, 'https://picsum.photos/id/800/200/200', 'Buona Sera, Mrs. Campbell', 102, '140-0-64-811277-2', 'Supplement Splenic Vein with Synthetic Substitute, Open Approach', '2000-09-19', 37, 3, 1, 0),
(398, 'https://picsum.photos/id/259/200/200', 'Rough House, The', 177, '476-0-46-571401-2', 'Alteration of Nose, Open Approach', '2007-04-14', 1, 3, 1, 0),
(399, 'https://picsum.photos/id/457/200/200', 'Ivan the Terrible, Part One (Ivan Groznyy I)', 169, '598-1-55-362036-6', 'Release Radial Nerve, Percutaneous Approach', '2019-04-09', 31, 3, 2, 0),
(400, 'https://picsum.photos/id/999/200/200', 'Godzilla vs. King Ghidorah (Gojira vs. Kingu Gidorâ)', 167, '426-3-30-134476-3', 'Release Right Zygomatic Bone, Percutaneous Approach', '2009-07-11', 24, 2, 6, 1),
(401, 'https://picsum.photos/id/442/200/200', 'The Bronze', 54, '218-2-67-819791-6', 'Revision of Drainage Device in Sacrococcygeal Joint, Open Approach', '2000-07-27', 34, 2, 2, 1),
(402, 'https://picsum.photos/id/682/200/200', 'Beautiful Kate', 188, '425-0-48-446134-0', 'Removal of Synthetic Substitute from Thoracic Vertebral Joint, Percutaneous Approach', '1993-01-24', 41, 1, 6, 0),
(403, 'https://picsum.photos/id/892/200/200', 'Sleepwalk with Me', 20, '371-2-51-700225-8', 'Replacement of Left Breast with Nonautologous Tissue Substitute, External Approach', '2013-05-29', 19, 3, 5, 0),
(404, 'https://picsum.photos/id/108/200/200', 'Reluctant Fundamentalist, The', 135, '916-2-47-299536-2', 'Introduction of Monoclonal Antibody into Central Artery, Percutaneous Approach', '2012-05-20', 1, 3, 1, 0),
(405, 'https://picsum.photos/id/802/200/200', 'Troll 2', 130, '778-2-95-250977-3', 'Supplement Stomach, Pylorus with Synthetic Substitute, Open Approach', '2006-02-06', 40, 3, 4, 1),
(406, 'https://picsum.photos/id/539/200/200', 'Hotel', 138, '484-3-15-463043-4', 'Transfusion of Autologous Fresh Plasma into Central Vein, Open Approach', '1992-04-13', 11, 3, 1, 1),
(407, 'https://picsum.photos/id/523/200/200', 'Who\'s That Girl?', 185, '455-1-77-391421-8', 'Repair Thoracolumbar Vertebral Joint, Percutaneous Endoscopic Approach', '1991-01-14', 7, 1, 6, 1),
(408, 'https://picsum.photos/id/464/200/200', 'Valdez Is Coming', 121, '194-2-96-273347-7', 'Supplement Right Wrist Joint with Nonautologous Tissue Substitute, Percutaneous Endoscopic Approach', '2006-04-26', 22, 2, 1, 0),
(409, 'https://picsum.photos/id/336/200/200', 'Impromptu', 38, '174-1-15-115247-2', 'Supplement Left Lower Extremity Bursa and Ligament with Autologous Tissue Substitute, Open Approach', '1997-07-03', 37, 1, 3, 1),
(410, 'https://picsum.photos/id/390/200/200', 'Vibes', 122, '937-2-10-768662-6', 'Drainage of Right Frontal Sinus, Percutaneous Endoscopic Approach', '2011-08-22', 20, 2, 4, 1),
(412, 'https://picsum.photos/id/145/200/200', 'L\'instant et la patience ', 179, '567-0-34-675723-0', 'Supplement Right Internal Carotid Artery with Synthetic Substitute, Open Approach', '1996-06-12', 12, 2, 3, 0),
(413, 'https://picsum.photos/id/828/200/200', 'Lulu in Berlin', 58, '359-2-98-611489-7', 'Extirpation of Matter from Left Neck Lymphatic, Percutaneous Approach', '1991-10-11', 41, 2, 1, 0),
(414, 'https://picsum.photos/id/969/200/200', 'Davy Crockett, King of the Wild Frontier', 169, '610-0-21-382956-9', 'Destruction of Left Main Bronchus, Open Approach', '1994-07-13', 4, 3, 6, 0),
(415, 'https://picsum.photos/id/439/200/200', 'Challenge of the Masters (Liu A-Cai yu Huang Fei-Hong)', 169, '616-0-68-742680-9', 'Muscle Performance Treatment of Genitourinary System using Prosthesis', '1998-03-09', 16, 3, 6, 1),
(416, 'https://picsum.photos/id/474/200/200', 'Goodbye, Mr. Chips', 50, '930-0-76-997892-3', 'Supplement Right Fibula with Nonautologous Tissue Substitute, Percutaneous Endoscopic Approach', '1994-05-23', 39, 3, 4, 0),
(417, 'https://picsum.photos/id/216/200/200', 'Lady Chatterley\'s Lover', 141, '963-0-47-352701-3', 'Magnetic Resonance Imaging (MRI) of Upper Extremity Connective Tissue using Other Contrast, Unenhanced and Enhanced', '2015-11-22', 34, 2, 3, 1),
(418, 'https://picsum.photos/id/614/200/200', 'Charleston', 25, '272-0-54-638411-8', 'Revision of Intraluminal Device in Vagina and Cul-de-sac, Via Natural or Artificial Opening Endoscopic', '1994-02-01', 44, 2, 6, 1),
(419, 'https://picsum.photos/id/61/200/200', 'Running Time', 41, '690-2-29-259981-1', 'Excision of Right Hand Vein, Percutaneous Approach, Diagnostic', '2006-04-20', 41, 3, 1, 0),
(420, 'https://picsum.photos/id/296/200/200', 'Baarìa', 41, '961-3-26-525724-8', 'Resection of Tongue, Open Approach', '1994-03-06', 19, 1, 1, 0),
(421, 'https://picsum.photos/id/320/200/200', 'Beyond Bedlam', 172, '173-1-54-240901-4', 'Introduction of Local Anesthetic into Skin and Mucous Membranes, External Approach', '1998-05-06', 33, 1, 6, 1),
(423, 'https://picsum.photos/id/88/200/200', 'Noah\'s Ark', 89, '355-3-39-905832-9', 'Beam Radiation of Spinal Cord using Heavy Particles (Protons,Ions)', '2006-08-03', 26, 1, 3, 1),
(424, 'https://picsum.photos/id/502/200/200', 'Television Under the Swastika (Das Fernsehen unter dem Hakenkreuz)', 133, '645-3-59-607055-7', 'Revision of Synthetic Substitute in Sacrum, External Approach', '2019-02-07', 24, 2, 3, 1),
(425, 'https://picsum.photos/id/1056/200/200', 'Wizard of Oz, The', 155, '710-0-19-590030-9', 'Replacement of Genitalia Skin with Synthetic Substitute, Partial Thickness, External Approach', '1997-12-13', 16, 3, 6, 0),
(427, 'https://picsum.photos/id/237/200/200', 'One Tough Cop', 105, '139-0-40-683422-0', 'Bypass Pulmonary Trunk from Innominate Artery with Autologous Arterial Tissue, Percutaneous Endoscopic Approach', '1992-07-08', 16, 1, 5, 1),
(429, 'https://picsum.photos/id/193/200/200', 'About Last Night...', 109, '725-1-37-767200-5', 'Restriction of Trachea with Intraluminal Device, Via Natural or Artificial Opening Endoscopic', '2003-11-19', 16, 1, 2, 1),
(431, 'https://picsum.photos/id/1047/200/200', 'Duo (Pas de deux)', 54, '113-0-64-863941-3', 'Replacement of Left Lower Femur with Nonautologous Tissue Substitute, Percutaneous Approach', '2000-11-19', 21, 2, 1, 0),
(432, 'https://picsum.photos/id/1044/200/200', 'Dead of Winter', 17, '893-2-75-157205-3', 'Revision of External Fixation Device in Right Carpal Joint, Percutaneous Endoscopic Approach', '2005-03-19', 36, 3, 2, 1),
(434, 'https://picsum.photos/id/1078/200/200', 'Molly Maxwell', 166, '736-3-97-801673-8', 'Dilation of Left Internal Carotid Artery, Bifurcation, Open Approach', '1994-11-04', 25, 2, 2, 0),
(435, 'https://picsum.photos/id/204/200/200', 'Magic in the Water', 168, '747-1-50-908759-5', 'Replacement of Left Lacrimal Duct with Autologous Tissue Substitute, Via Natural or Artificial Opening', '1993-08-13', 45, 2, 2, 1),
(436, 'https://picsum.photos/id/661/200/200', 'Babe Ruth Story, The ', 133, '856-2-35-494607-7', 'Introduction of Oxazolidinones into Respiratory Tract, Via Natural or Artificial Opening Endoscopic', '2001-04-17', 35, 3, 3, 1),
(437, 'https://picsum.photos/id/835/200/200', 'Broken', 188, '742-1-65-871213-1', 'Removal of Drainage Device from Ovary, Percutaneous Endoscopic Approach', '2013-08-20', 25, 1, 4, 1),
(438, 'https://picsum.photos/id/402/200/200', 'Leonard Cohen: I\'m Your Man', 66, '153-1-43-395558-6', 'Removal of Nonautologous Tissue Substitute from Right Acetabulum, Percutaneous Approach', '1999-05-03', 38, 1, 1, 0),
(439, 'https://picsum.photos/id/458/200/200', 'Story of My Life, The (Mensonges et trahisons et plus si affinités...)', 13, '257-0-59-994641-5', 'Bypass Left Common Iliac Artery to Left Internal Iliac Artery with Nonautologous Tissue Substitute, Percutaneous Endoscopic Approach', '2010-06-03', 36, 2, 5, 1),
(440, 'https://picsum.photos/id/443/200/200', 'Ride in the Whirlwind', 197, '383-3-52-989293-3', 'Dilation of Right Temporal Artery, Bifurcation, with Two Intraluminal Devices, Percutaneous Endoscopic Approach', '2008-04-22', 10, 3, 1, 1),
(441, 'https://picsum.photos/id/833/200/200', 'Revolution', 107, '259-1-74-203421-6', 'Excision of Right Diaphragm, Percutaneous Approach', '1996-10-11', 27, 1, 2, 1),
(442, 'https://picsum.photos/id/385/200/200', 'Donnie Brasco', 200, '958-1-99-182820-0', 'Coordination/Dexterity Assessment of Neurological System - Head and Neck', '1994-05-27', 23, 2, 3, 1),
(443, 'https://picsum.photos/id/841/200/200', 'Free Radicals:  A History of Experimental Film', 17, '465-0-81-372137-1', 'Drainage of Mesenteric Lymphatic, Open Approach', '1996-03-01', 34, 3, 6, 1),
(444, 'https://picsum.photos/id/739/200/200', 'Satan\'s Tango (Sátántangó)', 198, '815-3-64-588131-7', 'Reposition Right Metatarsal with Internal Fixation Device, Percutaneous Approach', '1991-12-17', 9, 1, 5, 0),
(445, 'https://picsum.photos/id/256/200/200', 'Talent for the Game', 29, '250-2-92-157973-2', 'Dilation of Intracranial Artery, Bifurcation, with Four or More Drug-eluting Intraluminal Devices, Open Approach', '2003-12-17', 33, 2, 2, 1),
(446, 'https://picsum.photos/id/615/200/200', 'North by Northwest', 85, '549-1-29-149659-8', 'Repair Right Maxillary Sinus, Percutaneous Approach', '2003-08-27', 21, 1, 5, 1),
(448, 'https://picsum.photos/id/306/200/200', 'Ernest & Célestine (Ernest et Célestine)', 91, '890-3-82-726504-5', 'Supplement Left Lower Arm and Wrist Tendon with Synthetic Substitute, Percutaneous Endoscopic Approach', '2010-02-10', 38, 2, 3, 0),
(449, 'https://picsum.photos/id/853/200/200', 'Year of the Wolf, The (Suden vuosi)', 136, '197-2-30-537913-2', 'Fluoroscopy of Inferior Vena Cava using High Osmolar Contrast', '2001-12-02', 8, 2, 1, 0),
(450, 'https://picsum.photos/id/987/200/200', 'Siete minutos (Seven Minutes)', 166, '443-2-61-341773-1', 'Revision of Infusion Device in Left Knee Joint, Percutaneous Endoscopic Approach', '1996-05-24', 36, 1, 4, 1),
(451, 'https://picsum.photos/id/4/200/200', 'Patience Stone, The', 197, '682-1-90-767352-8', 'Revision of Nonautologous Tissue Substitute in Penis, Via Natural or Artificial Opening', '2003-11-08', 46, 1, 4, 0),
(452, 'https://picsum.photos/id/314/200/200', 'Sylvia and the Ghost', 44, '888-3-32-504159-0', 'Replacement of Coccygeal Joint with Nonautologous Tissue Substitute, Open Approach', '1999-11-05', 20, 1, 6, 1),
(453, 'https://picsum.photos/id/941/200/200', 'Margaret Cho: Assassin', 58, '260-3-98-880554-3', 'Replacement of Sacrum with Nonautologous Tissue Substitute, Open Approach', '2005-03-18', 40, 2, 5, 0),
(454, 'https://picsum.photos/id/1064/200/200', 'Shop on Main Street, The (Obchod na korze)', 54, '695-0-36-340196-0', 'Repair Left Patella, Percutaneous Approach', '2015-06-03', 45, 3, 2, 0),
(455, 'https://picsum.photos/id/508/200/200', 'Aziz Ansari: Buried Alive', 56, '370-1-67-349710-8', 'Occlusion of Right Face Vein with Extraluminal Device, Percutaneous Approach', '2004-11-14', 2, 2, 6, 1),
(456, 'https://picsum.photos/id/284/200/200', 'Libeled Lady', 107, '973-2-63-367708-9', 'Excision of Sigmoid Colon, Percutaneous Approach', '2018-12-30', 23, 2, 6, 0),
(457, 'https://picsum.photos/id/275/200/200', 'Nazis at the Center of the Earth', 72, '868-3-84-288129-8', 'Bypass Lower Esophagus to Stomach with Nonautologous Tissue Substitute, Percutaneous Endoscopic Approach', '1992-12-05', 12, 1, 6, 0),
(458, 'https://picsum.photos/id/979/200/200', 'Bulletproof Monk', 127, '749-1-98-963915-8', 'Replacement of Right Tarsal with Autologous Tissue Substitute, Percutaneous Endoscopic Approach', '2015-07-02', 17, 1, 6, 1),
(460, 'https://picsum.photos/id/829/200/200', 'S.O.S. Coast Guard', 138, '347-3-78-836442-7', 'Removal of Bone Growth Stimulator from Upper Bone, Open Approach', '2002-12-28', 46, 1, 4, 1),
(461, 'https://picsum.photos/id/304/200/200', 'Diary of Anne Frank, The', 182, '856-0-66-660097-6', 'Release Left Upper Arm Tendon, Percutaneous Approach', '1994-01-17', 42, 2, 4, 0),
(462, 'https://picsum.photos/id/970/200/200', 'Dark Hours, The', 80, '701-0-49-665622-3', 'Restriction of Left Inguinal Lymphatic with Intraluminal Device, Percutaneous Approach', '2008-07-25', 45, 2, 6, 0),
(463, 'https://picsum.photos/id/1048/200/200', 'Tree Grows in Brooklyn, A', 100, '312-1-45-131337-7', 'Dilation of Coronary Artery, Four or More Arteries with Three Drug-eluting Intraluminal Devices, Percutaneous Approach', '2007-09-08', 17, 2, 6, 1),
(464, 'https://picsum.photos/id/378/200/200', 'Return to Never Land', 58, '914-1-64-376823-3', 'Insertion of Radioactive Element into Left Lower Arm, Percutaneous Endoscopic Approach', '2006-06-07', 1, 3, 5, 0),
(465, 'https://picsum.photos/id/819/200/200', 'Hands Across the Table', 5, '951-2-84-893046-4', 'Insertion of Infusion Device into Left Vertebral Vein, Percutaneous Approach', '1999-11-08', 39, 3, 4, 0),
(466, 'https://picsum.photos/id/63/200/200', '3 Godfathers', 127, '325-0-47-388699-9', 'Computerized Tomography (CT Scan) of Left Lower Extremity Arteries using High Osmolar Contrast', '2001-07-27', 42, 1, 5, 1),
(467, 'https://picsum.photos/id/928/200/200', 'Gentle Woman, A (Une femme douce)', 107, '332-3-10-950220-8', 'Drainage of Right Auditory Ossicle, Open Approach, Diagnostic', '1997-02-01', 21, 2, 3, 0),
(468, 'https://picsum.photos/id/553/200/200', 'Dahmer', 93, '984-3-67-772189-3', 'Dilation of Superior Mesenteric Artery, Bifurcation, with Two Drug-eluting Intraluminal Devices, Percutaneous Endoscopic Approach', '2009-07-16', 26, 2, 3, 0),
(469, 'https://picsum.photos/id/280/200/200', 'Farewell, My Queen (Les adieux à la reine)', 54, '505-2-42-857449-5', 'Removal of Nonautologous Tissue Substitute from Right Metacarpal, Percutaneous Approach', '1995-09-06', 15, 2, 1, 1),
(470, 'https://picsum.photos/id/656/200/200', 'Home Song Stories, The', 54, '805-3-98-621110-3', 'Bypass Left Pulmonary Artery from Innominate Artery with Zooplastic Tissue, Percutaneous Endoscopic Approach', '2004-09-01', 15, 2, 6, 1),
(471, 'https://picsum.photos/id/716/200/200', 'Naked Jungle, The', 18, '591-3-74-311749-3', 'Plain Radiography of Right Renal Artery using Other Contrast', '1992-11-21', 23, 2, 6, 1),
(472, 'https://picsum.photos/id/364/200/200', 'How to Train Your Dragon 2', 149, '551-3-16-539354-4', 'Repair Right Ankle Joint, Percutaneous Endoscopic Approach', '1997-02-07', 20, 1, 3, 0),
(473, 'https://picsum.photos/id/343/200/200', 'Rosemary\'s Baby', 65, '409-2-35-714148-9', 'Replacement of Left Finger Phalanx with Nonautologous Tissue Substitute, Percutaneous Endoscopic Approach', '2005-01-30', 16, 2, 1, 1),
(474, 'https://picsum.photos/id/497/200/200', 'Bizarre, Bizarre (Drôle de drame ou L\'étrange aventure de Docteur Molyneux)', 16, '564-3-66-916272-8', 'Supplement Left Lower Femur with Nonautologous Tissue Substitute, Percutaneous Endoscopic Approach', '2007-04-21', 49, 3, 6, 0),
(475, 'https://picsum.photos/id/35/200/200', 'Which Way Is the Front Line From Here?  The Life and Time of Tim Hetherington', 135, '388-0-32-177962-2', 'Removal of Infusion Device from Right Pleural Cavity, Percutaneous Endoscopic Approach', '2011-09-22', 22, 3, 6, 1),
(476, 'https://picsum.photos/id/919/200/200', 'Close to Leo (Tout contre Léo)', 106, '668-0-15-161936-2', 'Bypass Right Internal Jugular Vein to Upper Vein with Autologous Tissue Substitute, Percutaneous Endoscopic Approach', '2002-07-08', 29, 3, 5, 0),
(477, 'https://picsum.photos/id/1022/200/200', 'City of Men (Cidade dos Homens)', 158, '654-2-83-417074-3', 'Revision of Synthetic Substitute in Right Radius, Open Approach', '2011-01-18', 21, 3, 1, 1),
(480, 'https://picsum.photos/id/1071/200/200', 'Unconditional Love', 100, '801-2-32-392970-1', 'Replacement of Right Lower Femur with Synthetic Substitute, Percutaneous Endoscopic Approach', '2015-08-27', 42, 3, 2, 0),
(481, 'https://picsum.photos/id/686/200/200', 'Twilight Saga: Eclipse, The', 149, '592-1-41-732452-8', 'Individual Psychotherapy for Substance Abuse Treatment, Psychodynamic', '1996-09-01', 26, 3, 4, 1),
(482, 'https://picsum.photos/id/189/200/200', 'The Chatterley Affair', 140, '379-2-86-464018-6', 'Revision of Synthetic Substitute in Right Acromioclavicular Joint, Percutaneous Endoscopic Approach', '2007-09-24', 11, 3, 1, 1),
(483, 'https://picsum.photos/id/642/200/200', 'Teacher\'s Pet', 45, '761-2-88-394775-1', 'Assistive Listening Device Device Fitting using Audiovisual Equipment', '2008-10-17', 35, 3, 6, 0),
(484, 'https://picsum.photos/id/209/200/200', 'Treasure Planet', 16, '532-1-37-318299-1', 'Insertion of Internal Fixation Device into Left Metatarsal, Open Approach', '2004-12-08', 26, 2, 1, 1),
(485, 'https://picsum.photos/id/879/200/200', 'Mountain, The', 45, '590-2-71-805602-5', 'Transfusion of Allogeneic Unspecified Cord Blood Stem Cells into Central Vein, Percutaneous Approach', '1992-06-13', 15, 3, 1, 0),
(486, 'https://picsum.photos/id/135/200/200', 'Playground', 138, '229-0-58-831546-3', 'Magnetic Resonance Imaging (MRI) of Left Upper Extremity Arteries using Other Contrast', '1996-06-14', 33, 2, 6, 1),
(487, 'https://picsum.photos/id/1057/200/200', 'Green Mile, The', 51, '942-3-51-917673-2', 'Revision of Drainage Device in Left Extraocular Muscle, Percutaneous Approach', '2017-04-11', 8, 2, 2, 0),
(488, 'https://picsum.photos/id/530/200/200', 'No Deposit, No Return', 102, '759-2-16-237575-4', 'Supplement Jejunum with Synthetic Substitute, Open Approach', '2016-03-23', 9, 1, 4, 1),
(489, 'https://picsum.photos/id/388/200/200', 'Our Paradise (Notre paradis)', 126, '659-3-58-288161-5', 'Removal of Radioactive Element from Tracheobronchial Tree, Open Approach', '1994-05-04', 17, 2, 2, 0),
(490, 'https://picsum.photos/id/1064/200/200', 'The Nutcracker Prince', 145, '509-3-66-465041-3', 'Removal of Synthetic Substitute from Occipital-cervical Joint, Percutaneous Endoscopic Approach', '2013-06-07', 27, 3, 3, 1),
(491, 'https://picsum.photos/id/160/200/200', 'Producers, The', 170, '224-2-73-229930-7', 'Drainage of Lingula Bronchus with Drainage Device, Percutaneous Approach', '2012-10-28', 17, 1, 6, 1),
(492, 'https://picsum.photos/id/409/200/200', 'Super Demetrios', 92, '508-1-63-428719-0', 'Drainage of Right Hand Muscle with Drainage Device, Open Approach', '1995-06-30', 22, 1, 6, 0),
(493, 'https://picsum.photos/id/544/200/200', 'Red Beard (Akahige)', 15, '820-2-13-986955-1', 'Removal of Nonautologous Tissue Substitute from Left Ear, Open Approach', '1998-03-05', 45, 2, 5, 0),
(495, 'https://picsum.photos/id/531/200/200', 'Wonder Woman', 64, '137-1-35-177314-3', 'Revision of Spacer in Right Sacroiliac Joint, Percutaneous Approach', '2010-05-20', 33, 2, 2, 1),
(496, 'https://picsum.photos/id/682/200/200', 'Friday', 63, '406-2-27-994660-3', 'Reposition Right Foot Vein, Percutaneous Approach', '2016-09-26', 16, 3, 4, 1),
(497, 'https://picsum.photos/id/187/200/200', 'Ouch (Aïe)', 174, '913-1-23-511201-5', 'Bypass Right Common Iliac Vein to Lower Vein with Autologous Arterial Tissue, Open Approach', '2002-05-01', 46, 3, 5, 1),
(498, 'https://picsum.photos/id/982/200/200', 'Kirikou and the Wild Beast (Kirikou et les bêtes sauvages)', 48, '590-0-97-344235-2', 'Computerized Tomography (CT Scan) of Cerebral Ventricle(s) using High Osmolar Contrast, Unenhanced and Enhanced', '2010-01-20', 45, 2, 1, 0),
(499, 'https://picsum.photos/id/40/200/200', 'God\'s Gun', 51, '819-3-55-830693-6', 'Reposition Sternum, Percutaneous Approach', '2014-05-16', 40, 1, 1, 1),
(500, 'https://picsum.photos/id/195/200/200', 'Without Warning', 147, '953-2-80-305639-0', 'Occlusion of Left Axillary Lymphatic with Extraluminal Device, Percutaneous Endoscopic Approach', '2015-01-09', 27, 2, 5, 1),
(501, 'https://picsum.photos/id/833/200/200', 'The Lunchbox', 47, '635-2-88-667566-4', 'Bypass Cecum to Sigmoid Colon with Synthetic Substitute, Open Approach', '2001-03-22', 33, 2, 2, 1),
(502, 'https://picsum.photos/id/594/200/200', 'Chouchou', 127, '227-3-70-481650-3', 'Supplement Right Lower Eyelid with Nonautologous Tissue Substitute, External Approach', '2009-07-19', 23, 1, 3, 0),
(503, 'https://picsum.photos/id/308/200/200', 'Let\'s Get Those English Girls', 178, '412-2-18-920813-5', 'Computerized Tomography (CT Scan) of Right Elbow using Other Contrast', '2007-10-25', 21, 3, 4, 0),
(504, 'https://picsum.photos/id/104/200/200', 'Proposition, The', 89, '634-1-25-277355-2', 'Bypass Right Common Iliac Artery to Bilateral Femoral Arteries with Synthetic Substitute, Percutaneous Endoscopic Approach', '2004-06-24', 25, 2, 3, 0),
(505, 'https://picsum.photos/id/663/200/200', 'Football Factory, The', 120, '585-2-91-916844-8', 'Release Jejunum, Via Natural or Artificial Opening', '2001-08-22', 7, 3, 4, 0),
(506, 'https://picsum.photos/id/13/200/200', 'Brother, Can You Spare a Dime?', 177, '520-2-35-569058-5', 'Replacement of Right Brachial Vein with Synthetic Substitute, Open Approach', '2004-12-08', 16, 3, 5, 0),
(507, 'https://picsum.photos/id/27/200/200', 'One Direction: This Is Us', 167, '954-3-28-317777-5', 'Beam Radiation of Uterus using Electrons', '1998-12-29', 3, 1, 3, 1),
(508, 'https://picsum.photos/id/107/200/200', 'Desperate Living', 70, '290-1-14-331541-4', 'Extirpation of Matter from Conduction Mechanism, Percutaneous Approach', '1992-05-28', 50, 1, 3, 1),
(509, 'https://picsum.photos/id/664/200/200', 'Letter to Elia, A', 79, '680-1-41-623649-0', 'Aerobic Capacity and Endurance Assessment of Circulatory System - Whole Body using Prosthesis', '1996-04-18', 45, 3, 1, 1),
(510, 'https://picsum.photos/id/515/200/200', 'Hobbit: An Unexpected Journey, The', 34, '526-2-68-535151-8', 'Therapeutic Exercise Treatment of Musculoskeletal System - Upper Back / Upper Extremity', '2016-05-07', 16, 3, 6, 0),
(511, 'https://picsum.photos/id/907/200/200', 'Blackjack', 98, '767-3-80-746216-2', 'Excision of Rectum, Open Approach, Diagnostic', '2004-07-05', 44, 1, 3, 1),
(512, 'https://picsum.photos/id/836/200/200', 'Battlefield Baseball (Jigoku kôshien)', 159, '838-3-30-130709-4', 'Reposition Right Fibula with Intramedullary Internal Fixation Device, Open Approach', '2005-01-29', 17, 1, 1, 1),
(513, 'https://picsum.photos/id/50/200/200', 'Captain Conan (Capitaine Conan)', 27, '141-0-33-446973-1', 'Drainage of Right Sphenoid Sinus, Percutaneous Approach', '1993-04-24', 39, 3, 4, 0),
(514, 'https://picsum.photos/id/786/200/200', 'Mystery Men', 193, '164-1-36-237348-2', 'Extraction of Right Hand Vein, Percutaneous Approach', '2008-01-05', 1, 3, 5, 1),
(515, 'https://picsum.photos/id/817/200/200', 'Phantom, The', 24, '188-3-21-445758-3', 'Supplement Right Nipple with Autologous Tissue Substitute, External Approach', '2014-08-31', 7, 3, 2, 1),
(516, 'https://picsum.photos/id/853/200/200', 'Man with an Apartment (Czlowiek z M-3)', 118, '838-0-92-794191-5', 'Drainage of Left Maxilla, Percutaneous Endoscopic Approach, Diagnostic', '2016-12-01', 31, 1, 6, 1),
(517, 'https://picsum.photos/id/506/200/200', 'Yonkers Joe', 192, '665-2-62-379756-7', 'Revision of Synthetic Substitute in Upper Artery, External Approach', '1996-12-24', 12, 3, 6, 0),
(518, 'https://picsum.photos/id/371/200/200', 'Never Play Clever Again (Gendarme et les gendarmettes, Le)', 108, '564-3-27-514078-3', 'Control Bleeding in Right Lower Extremity, Open Approach', '2011-04-23', 33, 2, 1, 1),
(519, 'https://picsum.photos/id/53/200/200', 'Village, The', 82, '686-3-49-153883-6', 'Drainage of Soft Palate, Percutaneous Approach, Diagnostic', '2014-08-19', 32, 1, 2, 0),
(520, 'https://picsum.photos/id/351/200/200', 'FBI Story, The', 108, '821-3-27-327355-2', 'Replacement of Left Thumb Phalanx with Nonautologous Tissue Substitute, Percutaneous Endoscopic Approach', '1994-09-02', 40, 1, 4, 0),
(521, 'https://picsum.photos/id/127/200/200', 'Window, The', 153, '917-2-14-777517-7', 'Drainage of Right Metacarpal with Drainage Device, Open Approach', '1996-01-18', 35, 1, 5, 1),
(522, 'https://picsum.photos/id/352/200/200', 'George of the Jungle', 158, '516-3-75-542219-1', 'Insertion of Spacer into Left Tarsal Joint, Percutaneous Approach', '1999-05-30', 31, 1, 1, 0),
(523, 'https://picsum.photos/id/459/200/200', 'Dylan Moran: Like, Totally', 156, '232-0-65-866623-3', 'Alteration of Left Upper Arm with Nonautologous Tissue Substitute, Percutaneous Endoscopic Approach', '2003-11-12', 24, 3, 6, 0),
(525, 'https://picsum.photos/id/921/200/200', 'Lions For Lambs', 174, '106-2-21-302834-1', 'Drainage of Left Lower Leg Skin, External Approach', '1996-04-30', 9, 1, 1, 0),
(526, 'https://picsum.photos/id/938/200/200', 'Madame Tutli-Putli', 62, '521-0-14-734104-3', 'Transfusion of Nonautologous Serum Albumin into Central Artery, Open Approach', '2015-02-10', 32, 3, 5, 1),
(528, 'https://picsum.photos/id/425/200/200', 'Melody Time', 12, '704-1-74-574258-7', 'Computerized Tomography (CT Scan) of Right Tracheobronchial Tree using Low Osmolar Contrast, Unenhanced and Enhanced', '2011-09-29', 25, 2, 2, 0),
(529, 'https://picsum.photos/id/433/200/200', 'FearDotCom (a.k.a. Fear.com) (a.k.a. Fear Dot Com)', 128, '293-2-22-316438-3', 'Muscle Performance Treatment of Integumentary System - Head and Neck using Orthosis', '2001-02-24', 44, 3, 2, 0),
(531, 'https://picsum.photos/id/889/200/200', 'B.N.B. (Bunty Aur Babli)', 122, '782-3-68-947994-8', 'Bypass Ileum to Ileum with Autologous Tissue Substitute, Via Natural or Artificial Opening Endoscopic', '1998-12-10', 5, 2, 4, 1),
(533, 'https://picsum.photos/id/343/200/200', 'Zombeavers', 133, '463-0-18-511542-5', 'Replacement of Right Auditory Ossicle with Nonautologous Tissue Substitute, Open Approach', '1997-08-08', 48, 2, 3, 1),
(534, 'https://picsum.photos/id/704/200/200', 'Aliens in the Attic', 155, '604-3-94-312155-3', 'Bypass Thoracic Aorta, Descending to Right Pulmonary Artery, Open Approach', '2002-06-15', 16, 3, 3, 1),
(535, 'https://picsum.photos/id/242/200/200', 'Winter War (Talvisota)', 170, '401-0-20-993177-7', 'Beam Radiation of Hypopharynx using Photons 1 - 10 MeV', '1998-05-28', 21, 2, 6, 0),
(538, 'https://picsum.photos/id/81/200/200', 'Desert Heat (Inferno)', 101, '324-0-70-912199-8', 'Removal of Infusion Pump from Trunk Subcutaneous Tissue and Fascia, External Approach', '1998-04-06', 47, 2, 5, 1),
(539, 'https://picsum.photos/id/557/200/200', 'Any Questions for Ben?', 164, '995-1-49-725394-4', 'Detachment at Left Ring Finger, High, Open Approach', '2014-05-14', 12, 2, 6, 0),
(541, 'https://picsum.photos/id/796/200/200', 'Three Burials of Melquiades Estrada, The', 35, '892-1-55-403703-4', 'Computerized Tomography (CT Scan) of Left Pelvic (Iliac) Veins using Intravascular Optical Coherence', '2018-10-16', 24, 1, 2, 0),
(542, 'https://picsum.photos/id/281/200/200', 'Brony Tale, A', 35, '196-2-73-551711-7', 'Removal of Infusion Device from Kidney, External Approach', '1992-06-28', 49, 3, 2, 0),
(543, 'https://picsum.photos/id/798/200/200', 'Shampoo', 130, '379-3-49-388781-0', 'Bypass Ileum to Anus, Via Natural or Artificial Opening Endoscopic', '2013-01-27', 19, 3, 2, 1),
(544, 'https://picsum.photos/id/928/200/200', '20,000 Leagues Under the Sea', 131, '555-1-15-938407-9', 'Insertion of Infusion Device into Thoracic Aorta, Ascending/Arch, Percutaneous Approach', '2003-11-20', 18, 1, 3, 0);
INSERT INTO `media` (`media_id`, `image`, `title`, `fk_author`, `isbn`, `description`, `publish_date`, `fk_publisher`, `fk_type`, `fk_genre`, `fk_available`) VALUES
(545, 'https://picsum.photos/id/878/200/200', 'Tokyo-Ga', 104, '217-3-69-516537-7', 'Supplement Left Ventricle with Nonautologous Tissue Substitute, Percutaneous Approach', '2007-08-14', 35, 3, 1, 0),
(546, 'https://picsum.photos/id/923/200/200', 'Tall Target, The', 62, '235-0-62-101982-8', 'Occlusion of Esophagus with Intraluminal Device, Percutaneous Endoscopic Approach', '1997-12-10', 47, 3, 5, 1),
(547, 'https://picsum.photos/id/548/200/200', 'Sparks', 62, '940-1-26-461069-7', 'Excision of Chest Skin, External Approach, Diagnostic', '2005-07-21', 3, 3, 3, 0),
(549, 'https://picsum.photos/id/395/200/200', 'Ice Poison', 52, '517-1-55-554201-5', 'Bypass Left Kidney Pelvis to Left Ureter, Open Approach', '2010-07-09', 18, 2, 4, 1),
(550, 'https://picsum.photos/id/193/200/200', 'MVP: Most Valuable Primate', 134, '188-0-75-605829-9', 'Extirpation of Matter from Left Eustachian Tube, Via Natural or Artificial Opening', '2009-10-11', 6, 3, 1, 0),
(551, 'https://picsum.photos/id/369/200/200', 'Adrift (Choi Voi)', 143, '287-2-12-978866-6', 'Dilation of Middle Colic Artery, Bifurcation, with Four or More Drug-eluting Intraluminal Devices, Percutaneous Approach', '2011-02-19', 40, 1, 6, 0),
(552, 'https://picsum.photos/id/976/200/200', 'American Psycho II: All American Girl', 27, '658-0-64-226112-2', 'Destruction of Clitoris, Open Approach', '1999-12-16', 11, 3, 3, 0),
(553, 'https://picsum.photos/id/141/200/200', 'La liga no es cosa de hombres', 49, '282-0-16-305098-2', 'Bypass Innominate Artery to Left Lower Arm Artery with Autologous Venous Tissue, Open Approach', '2005-07-04', 47, 3, 5, 1),
(555, 'https://picsum.photos/id/406/200/200', 'Just Visiting', 198, '499-2-60-135200-8', 'Replacement of Right Clavicle with Nonautologous Tissue Substitute, Open Approach', '2005-01-01', 39, 3, 5, 1),
(556, 'https://picsum.photos/id/571/200/200', 'Buena Vista Social Club', 95, '557-0-24-584866-7', 'Bypass Ileum to Cecum with Synthetic Substitute, Via Natural or Artificial Opening Endoscopic', '1995-06-13', 16, 1, 2, 1),
(557, 'https://picsum.photos/id/198/200/200', 'Never Play Clever Again (Gendarme et les gendarmettes, Le)', 62, '393-2-28-371182-7', 'Dilation of Abdominal Aorta, Bifurcation, with Two Intraluminal Devices, Percutaneous Endoscopic Approach', '2007-12-18', 16, 1, 2, 1),
(558, 'https://picsum.photos/id/47/200/200', 'Guilty Hands', 146, '405-2-97-144042-3', 'Revision of Nonautologous Tissue Substitute in Right Fibula, Open Approach', '2001-08-03', 32, 3, 3, 0),
(559, 'https://picsum.photos/id/1052/200/200', 'Executive Protection (Livvakterna)', 124, '595-2-38-184635-6', 'Drainage of Right Seminal Vesicle, Percutaneous Endoscopic Approach', '1999-07-07', 14, 1, 5, 1),
(561, 'https://picsum.photos/id/168/200/200', 'Dead Space: Downfall', 33, '409-1-90-605788-5', 'Revision of Infusion Device in Abdominal Wall, Open Approach', '1994-03-21', 42, 3, 6, 0),
(562, 'https://picsum.photos/id/820/200/200', 'Keeper, The', 155, '209-1-38-952640-1', 'Dilation of Left Ulnar Artery, Bifurcation, with Four or More Drug-eluting Intraluminal Devices, Open Approach', '2001-12-13', 39, 3, 3, 1),
(563, 'https://picsum.photos/id/1078/200/200', 'Thriller: A Cruel Picture (Thriller - en grym film)', 130, '769-1-27-607735-5', 'Extirpation of Matter from Right Internal Jugular Vein, Open Approach', '1999-04-02', 41, 3, 5, 0),
(564, 'https://picsum.photos/id/170/200/200', 'Ruby & Quentin (Tais-toi!)', 172, '946-1-38-310438-0', 'Excision of Right Lesser Saphenous Vein, Percutaneous Endoscopic Approach', '2010-06-13', 49, 2, 1, 1),
(565, 'https://picsum.photos/id/211/200/200', 'Kickboxer 2: The Road Back', 98, '904-1-41-717011-2', 'Removal of Drainage Device from Omentum, Percutaneous Approach', '2013-08-08', 50, 1, 4, 0),
(566, 'https://picsum.photos/id/516/200/200', 'Precision: The Measure of All Things', 111, '738-1-92-121459-0', 'Contact Radiation of Hemibody', '2018-04-02', 31, 2, 5, 0),
(567, 'https://picsum.photos/id/1010/200/200', 'Anna Nicole (Anna Nicole Smith Story, The)', 171, '245-1-72-433349-2', 'Removal of Infusion Device from Stomach, Percutaneous Approach', '2012-10-03', 41, 1, 2, 1),
(568, 'https://picsum.photos/id/260/200/200', 'Inuyasha the Movie: The Castle Beyond the Looking Glass', 58, '688-2-11-870329-4', 'Fusion of Thoracolumbar Vertebral Joint with Interbody Fusion Device, Posterior Approach, Anterior Column, Percutaneous Approach', '2012-08-26', 8, 3, 2, 0),
(569, 'https://picsum.photos/id/211/200/200', 'Hypocrites', 116, '842-2-21-539171-8', 'Replacement of Bladder with Autologous Tissue Substitute, Via Natural or Artificial Opening', '1998-01-13', 12, 3, 3, 0),
(570, 'https://picsum.photos/id/869/200/200', 'HOUBA! On the Trail of the Marsupilami (Sur la piste du Marsupilami)', 36, '101-0-61-477022-1', 'Excision of Left Sphenoid Bone, Open Approach', '2017-10-10', 5, 3, 5, 0),
(572, 'https://picsum.photos/id/255/200/200', 'Under the North Star (Täällä Pohjantähden alla)', 40, '863-3-96-773045-8', 'Destruction of Right Parotid Duct, Open Approach', '1996-09-12', 29, 3, 2, 0),
(573, 'https://picsum.photos/id/443/200/200', 'Max Manus', 116, '964-1-80-341982-6', 'Occlusion of Left Foot Vein with Intraluminal Device, Open Approach', '2009-05-16', 38, 1, 4, 1),
(574, 'https://picsum.photos/id/46/200/200', 'Keep the Lights On', 189, '826-0-10-470139-4', 'Revision of Synthetic Substitute in Right Metacarpocarpal Joint, Percutaneous Endoscopic Approach', '1993-09-30', 24, 1, 6, 1),
(575, 'https://picsum.photos/id/405/200/200', 'Hey, Hey, It\'s Esther Blueburger', 86, '727-2-47-971113-6', 'Reposition Common Bile Duct, Open Approach', '2001-06-16', 26, 3, 1, 0),
(576, 'https://picsum.photos/id/846/200/200', 'Darkness', 180, '218-2-99-938944-4', 'Excision of Right Lower Leg Subcutaneous Tissue and Fascia, Open Approach', '2011-12-14', 11, 3, 5, 1),
(578, 'https://picsum.photos/id/513/200/200', 'Duchess, The', 85, '689-3-10-915629-2', 'Excision of Bilateral Breast, External Approach', '1996-01-03', 20, 3, 6, 0),
(579, 'https://picsum.photos/id/913/200/200', 'Beyond the Walls (Hors les murs)', 14, '379-1-27-812628-2', 'Fusion of 2 or more Cervical Vertebral Joints with Nonautologous Tissue Substitute, Posterior Approach, Anterior Column, Open Approach', '2017-03-20', 38, 3, 1, 1),
(581, 'https://picsum.photos/id/1032/200/200', 'Deep End of the Ocean, The', 165, '624-3-62-446103-5', 'Insertion of Spacer into Left Tarsal Joint, Percutaneous Endoscopic Approach', '1998-04-20', 11, 2, 1, 0),
(582, 'https://picsum.photos/id/440/200/200', 'Ama lur (Tierra Madre)', 199, '428-0-36-311085-6', 'Destruction of Right Wrist Joint, Open Approach', '2008-03-01', 29, 3, 3, 1),
(583, 'https://picsum.photos/id/893/200/200', 'Fifth Cord, The (Giornata nera per l\'ariete)', 180, '902-1-61-467846-0', 'Fusion of Cervical Vertebral Joint, Anterior Approach, Anterior Column, Percutaneous Approach', '2017-06-25', 27, 1, 1, 1),
(584, 'https://picsum.photos/id/1042/200/200', 'Miss Congeniality 2: Armed and Fabulous', 115, '986-2-42-507926-4', 'Drainage of Right Renal Artery, Open Approach, Diagnostic', '2007-08-27', 31, 1, 5, 1),
(585, 'https://picsum.photos/id/876/200/200', 'Red Dwarf, The (Nain rouge, Le)', 199, '514-1-64-997568-8', 'Fusion of Left Tarsal Joint, Open Approach', '2013-09-04', 25, 2, 4, 0),
(586, 'https://picsum.photos/id/440/200/200', 'Challenger Disaster, The', 181, '909-3-67-691715-2', 'Dilation of Right Hypogastric Vein with Intraluminal Device, Percutaneous Approach', '2001-10-31', 47, 3, 5, 0),
(587, 'https://picsum.photos/id/356/200/200', 'Flame and Citron (Flammen & Citronen)', 74, '568-2-66-824844-7', 'Removal of Drainage Device from Thoracolumbar Vertebral Joint, External Approach', '2002-09-09', 16, 3, 5, 1),
(588, 'https://picsum.photos/id/355/200/200', '24: Redemption', 153, '641-2-92-696476-9', 'Bypass Left Kidney Pelvis to Cutaneous with Autologous Tissue Substitute, Percutaneous Endoscopic Approach', '1991-06-01', 35, 3, 1, 0),
(589, 'https://picsum.photos/id/783/200/200', 'Stepfather, The', 63, '139-0-18-214494-3', 'Coordination/Dexterity Assessment of Neurological System - Upper Back / Upper Extremity', '2002-11-16', 17, 2, 1, 0),
(590, 'https://picsum.photos/id/1041/200/200', 'Wild Parrots of Telegraph Hill, The', 167, '654-1-69-708416-9', 'Computerized Tomography (CT Scan) of Head and Neck using Low Osmolar Contrast, Unenhanced and Enhanced', '2011-01-12', 25, 3, 2, 1),
(591, 'https://picsum.photos/id/26/200/200', 'Kon-Tiki', 69, '564-3-54-841698-4', 'Removal of Vascular Access Device from Upper Extremity Subcutaneous Tissue and Fascia, Percutaneous Approach', '1995-07-25', 13, 1, 5, 1),
(592, 'https://picsum.photos/id/427/200/200', 'Abandoned, The', 46, '291-3-90-520552-3', 'Nonimaging Nuclear Medicine Probe of Upper Chest Lymphatics using Other Radionuclide', '2010-11-23', 24, 2, 1, 0),
(593, 'https://picsum.photos/id/898/200/200', 'The Youngest Profession', 117, '795-0-29-874231-7', 'Destruction of Celiac Artery, Percutaneous Approach', '2000-09-24', 4, 3, 3, 0),
(594, 'https://picsum.photos/id/555/200/200', 'Good Dick', 146, '998-2-16-509881-9', 'Replacement of Right Radius with Nonautologous Tissue Substitute, Percutaneous Endoscopic Approach', '2011-12-29', 49, 2, 3, 1),
(595, 'https://picsum.photos/id/723/200/200', '35 Up', 5, '101-2-17-718759-2', 'Bypass Left Ventricle to Left Pulmonary Artery, Open Approach', '2019-06-03', 7, 3, 6, 1),
(596, 'https://picsum.photos/id/425/200/200', 'Grizzly Man', 189, '761-3-95-528477-0', 'Drainage of Right Toe Phalangeal Joint, Open Approach, Diagnostic', '1992-04-19', 49, 1, 6, 0),
(597, 'https://picsum.photos/id/1066/200/200', 'Godson, The', 182, '285-1-69-566500-8', 'Ultrasound Therapy of Other Vessels, Multiple', '2001-02-08', 13, 2, 4, 0),
(598, 'https://picsum.photos/id/535/200/200', 'Ratcatcher', 15, '939-1-51-715283-6', 'Computerized Tomography (CT Scan) of Left Upper Extremity', '1994-11-22', 49, 1, 6, 0),
(599, 'https://picsum.photos/id/173/200/200', 'Duplex', 124, '885-2-40-286781-3', 'Ventilation, Respiration and Circulation Assessment of Circulatory System - Head and Neck', '2003-10-27', 26, 3, 1, 0),
(600, 'https://picsum.photos/id/95/200/200', 'Captain Conan (Capitaine Conan)', 23, '608-2-75-469657-5', 'Fluoroscopy of Left Foot/Toe Joint using High Osmolar Contrast', '2004-04-24', 22, 1, 6, 1),
(601, 'https://picsum.photos/id/362/200/200', 'Gendernauts', 149, '537-1-44-693904-0', 'Individual Psychotherapy for Substance Abuse Treatment, Cognitive-Behavioral', '2010-01-06', 3, 2, 5, 0),
(602, 'https://picsum.photos/id/915/200/200', 'Galaxina', 156, '469-3-81-147085-9', 'Transfer Hypoglossal Nerve to Oculomotor Nerve, Open Approach', '1995-12-30', 36, 2, 2, 0),
(603, 'https://picsum.photos/id/144/200/200', 'Big Bad Wolves', 131, '645-3-63-199178-7', 'Restriction of Right Posterior Tibial Artery with Intraluminal Device, Percutaneous Approach', '1996-04-21', 13, 2, 2, 1),
(604, 'https://picsum.photos/id/530/200/200', 'Beyond the Door II (Schock) (Shock) (Suspense)', 185, '582-0-15-898304-8', 'Wound Management Treatment of Integumentary System - Lower Back / Lower Extremity using Electrotherapeutic Equipment', '1991-12-22', 15, 2, 5, 1),
(605, 'https://picsum.photos/id/875/200/200', 'Cross of Lorraine, The', 74, '684-0-17-861732-3', 'Alteration of Male Perineum with Nonautologous Tissue Substitute, Open Approach', '2001-04-23', 31, 3, 4, 0),
(606, 'https://picsum.photos/id/464/200/200', 'Jack the Giant Slayer', 34, '516-0-81-677778-6', 'Revision of Spacer in Right Carpal Joint, Open Approach', '2004-02-20', 3, 2, 4, 1),
(607, 'https://picsum.photos/id/830/200/200', 'Last Temptation of Christ, The', 196, '320-3-59-754070-3', 'Bypass Cecum to Ascending Colon with Nonautologous Tissue Substitute, Via Natural or Artificial Opening Endoscopic', '2003-02-13', 48, 3, 6, 1),
(608, 'https://picsum.photos/id/726/200/200', 'Japan\'s Longest Day (Nihon no ichiban nagai hi)', 160, '844-3-75-475379-8', 'Bypass Left Common Iliac Artery to Right Internal Iliac Artery with Nonautologous Tissue Substitute, Open Approach', '2015-10-29', 44, 2, 6, 1),
(609, 'https://picsum.photos/id/546/200/200', 'Dirt Bike Kid, The', 43, '130-1-62-325613-6', 'Reposition Right Trunk Muscle, Percutaneous Endoscopic Approach', '2008-07-30', 39, 2, 1, 0),
(611, 'https://picsum.photos/id/337/200/200', 'Stand by Me Doraemon', 194, '812-1-89-309706-4', 'Transfer Olfactory Nerve to Trochlear Nerve, Percutaneous Endoscopic Approach', '1993-10-18', 34, 3, 5, 1),
(612, 'https://picsum.photos/id/907/200/200', 'Rat King', 166, '423-2-38-244048-4', 'Computerized Tomography (CT Scan) of Right Upper Extremity using Low Osmolar Contrast', '1995-09-27', 34, 3, 5, 0),
(613, 'https://picsum.photos/id/108/200/200', 'Birthday Girl', 160, '386-3-83-435755-8', 'Supplement Right Vertebral Artery with Synthetic Substitute, Open Approach', '2014-04-21', 16, 2, 6, 1),
(614, 'https://picsum.photos/id/313/200/200', 'Things We Lost in the Fire', 108, '825-3-69-124500-2', 'Fluoroscopy of Left Renal Vein using Other Contrast', '2006-06-29', 39, 2, 6, 0),
(615, 'https://picsum.photos/id/18/200/200', 'Scratch', 86, '734-2-76-804975-7', 'Supplement Lumbar Vertebral Disc with Autologous Tissue Substitute, Open Approach', '2012-08-20', 1, 3, 4, 0),
(616, 'https://picsum.photos/id/98/200/200', 'All the Pretty Horses', 73, '467-1-51-874558-6', 'Repair Left Large Intestine, Open Approach', '2010-07-29', 32, 1, 3, 1),
(617, 'https://picsum.photos/id/954/200/200', 'Hometown Legend', 100, '880-3-81-617179-1', 'Destruction of Right Internal Jugular Vein, Percutaneous Endoscopic Approach', '1995-10-05', 32, 1, 4, 1),
(618, 'https://picsum.photos/id/450/200/200', 'Gator', 53, '625-2-69-516965-1', 'Inspection of Upper Intestinal Tract, Via Natural or Artificial Opening', '2001-12-13', 1, 1, 2, 1),
(619, 'https://picsum.photos/id/928/200/200', 'Ten Commandments, The', 15, '323-0-64-500580-0', 'Restriction of Right Brachial Artery with Intraluminal Device, Percutaneous Approach', '2006-10-03', 20, 2, 4, 1),
(620, 'https://picsum.photos/id/1041/200/200', 'King Rat', 17, '990-1-10-757380-7', 'Removal of Internal Fixation Device from Right Wrist Joint, Percutaneous Endoscopic Approach', '2009-08-10', 6, 2, 5, 0),
(621, 'https://picsum.photos/id/450/200/200', 'Plot Against Harry, The', 91, '651-1-28-598687-2', 'Release Left Thorax Bursa and Ligament, Open Approach', '2018-01-30', 47, 1, 3, 0),
(622, 'https://picsum.photos/id/836/200/200', 'Bagdad Cafe (Out of Rosenheim)', 186, '604-2-28-698904-9', 'Drainage of Right Hand Tendon, Percutaneous Approach, Diagnostic', '1993-04-22', 49, 1, 5, 0),
(623, 'https://picsum.photos/id/510/200/200', '5,000 Fingers of Dr. T, The', 37, '555-0-19-100238-0', 'Extirpation of Matter from Right Trunk Tendon, Open Approach', '2002-02-24', 41, 3, 5, 1),
(624, 'https://picsum.photos/id/441/200/200', 'Milk', 177, '920-0-48-861486-0', 'Restriction of Gastric Artery with Extraluminal Device, Percutaneous Endoscopic Approach', '1998-01-16', 29, 2, 2, 1),
(625, 'https://picsum.photos/id/349/200/200', 'Hedgehog in the Fog', 153, '540-0-70-464899-3', 'Magnetic Resonance Imaging (MRI) of Left Upper Extremity Veins using Other Contrast', '2015-06-08', 8, 1, 1, 0),
(626, 'https://picsum.photos/id/271/200/200', 'Phish: Bittersweet Motel', 30, '671-3-92-825375-7', 'Extirpation of Matter from Trachea, Via Natural or Artificial Opening Endoscopic', '2001-09-20', 40, 1, 1, 0),
(627, 'https://picsum.photos/id/969/200/200', '11:14', 107, '554-2-42-790557-4', 'Excision of Left Adrenal Gland, Percutaneous Endoscopic Approach', '2014-03-21', 1, 2, 4, 1),
(628, 'https://picsum.photos/id/814/200/200', 'In Good Company', 143, '738-2-29-756729-8', 'Destruction of Pericardium, Percutaneous Approach', '1995-09-21', 34, 2, 4, 1),
(629, 'https://picsum.photos/id/973/200/200', 'Not Another Happy Ending', 194, '682-3-70-819457-7', 'Removal of Drainage Device from Gallbladder, External Approach', '2002-03-29', 6, 1, 6, 1),
(630, 'https://picsum.photos/id/368/200/200', 'Cool World', 130, '214-3-28-470386-7', 'Introduction of Radioactive Substance into Upper GI, Via Natural or Artificial Opening Endoscopic', '2000-06-04', 37, 1, 3, 1),
(631, 'https://picsum.photos/id/225/200/200', 'Wedding Party, The', 22, '590-0-65-503360-3', 'High Dose Rate (HDR) Brachytherapy of Left Breast using Iodine 125 (I-125)', '2014-11-13', 21, 1, 6, 1),
(632, 'https://picsum.photos/id/918/200/200', 'Aria', 128, '367-1-91-798462-5', 'Repair Urethra, Percutaneous Endoscopic Approach', '2015-09-25', 42, 1, 3, 1),
(633, 'https://picsum.photos/id/827/200/200', 'Svengali', 85, '150-3-51-980172-9', 'Repair Left Fallopian Tube, Open Approach', '2003-03-16', 37, 1, 5, 0),
(634, 'https://picsum.photos/id/307/200/200', 'Shogun\'s Ninja (Ninja bugeicho momochi sandayu)', 140, '320-1-99-427204-9', 'Excision of Right Main Bronchus, Percutaneous Endoscopic Approach', '2004-04-03', 11, 3, 3, 1),
(635, 'https://picsum.photos/id/99/200/200', 'Wedding Party, The', 140, '345-0-82-518959-7', 'Revision of Drainage Device in Bone Marrow, Percutaneous Approach', '2013-04-27', 39, 3, 4, 0),
(636, 'https://picsum.photos/id/387/200/200', 'Private Parts', 163, '152-3-53-968908-7', 'Supplement Left Internal Mammary Lymphatic with Autologous Tissue Substitute, Open Approach', '1997-09-01', 8, 3, 3, 0),
(637, 'https://picsum.photos/id/652/200/200', 'Twin Sitters', 27, '463-1-24-536163-2', 'Removal of Autologous Tissue Substitute from Lumbosacral Joint, Percutaneous Endoscopic Approach', '2018-07-01', 23, 2, 1, 0),
(638, 'https://picsum.photos/id/1074/200/200', 'Secret Glory, The', 23, '806-0-21-820536-6', 'Drainage of Right Tunica Vaginalis, Open Approach', '2003-08-17', 29, 1, 2, 0),
(639, 'https://picsum.photos/id/432/200/200', 'Calloused Hands', 80, '934-2-29-315199-6', 'Revision of Autologous Tissue Substitute in Brain, External Approach', '2011-07-23', 4, 1, 3, 1),
(640, 'https://picsum.photos/id/55/200/200', 'Razor\'s Edge, The', 171, '248-0-28-491838-6', 'Dilation of Right Posterior Tibial Artery with Three Intraluminal Devices, Percutaneous Approach', '2015-03-18', 42, 3, 4, 0),
(641, 'https://picsum.photos/id/42/200/200', 'Suddenly', 168, '926-1-85-435056-7', 'Revision of Nonautologous Tissue Substitute in Left Hip Joint, External Approach', '1999-07-20', 49, 3, 2, 0),
(643, 'https://picsum.photos/id/398/200/200', 'Warsaw Bridge (Pont de Varsòvia)', 123, '846-1-44-414592-9', 'Extraction of Products of Conception, Ectopic, Via Natural or Artificial Opening', '2001-03-31', 4, 1, 4, 0),
(644, 'https://picsum.photos/id/631/200/200', 'Two-Lane Blacktop', 195, '186-3-74-461053-9', 'Drainage of Right Lower Extremity Bursa and Ligament with Drainage Device, Percutaneous Endoscopic Approach', '2007-08-19', 18, 1, 5, 0),
(645, 'https://picsum.photos/id/1066/200/200', 'Down by Law', 191, '845-1-74-146247-5', 'Restriction of Left Face Vein, Open Approach', '1996-09-04', 17, 3, 1, 0),
(646, 'https://picsum.photos/id/782/200/200', 'Executioners (Xian dai hao xia zhuan)', 16, '952-0-21-445653-9', 'Dilation of Right Common Carotid Artery with Two Drug-eluting Intraluminal Devices, Percutaneous Endoscopic Approach', '2007-09-29', 29, 1, 3, 0),
(648, 'https://picsum.photos/id/986/200/200', 'National Lampoon\'s Vacation', 152, '798-1-46-750578-0', 'Transfusion of Autologous Red Blood Cells into Peripheral Artery, Percutaneous Approach', '1999-01-24', 50, 2, 6, 0),
(649, 'https://picsum.photos/id/329/200/200', 'Last Mountain, The', 81, '441-1-24-635049-2', 'Wound Management Treatment of Integumentary System - Head and Neck using Orthosis', '1996-12-19', 31, 2, 2, 0),
(650, 'https://picsum.photos/id/338/200/200', 'Edukators, The (Die Fetten Jahre sind vorbei)', 140, '585-2-32-451693-6', 'Removal of Nonautologous Tissue Substitute from Lower Jaw, Percutaneous Endoscopic Approach', '1992-05-10', 22, 1, 4, 0),
(651, 'https://picsum.photos/id/914/200/200', 'Goodbye to Language 3D', 102, '592-2-15-135444-0', 'Occlusion of Left Upper Lobe Bronchus, Percutaneous Endoscopic Approach', '2000-10-08', 43, 1, 4, 1),
(652, 'https://picsum.photos/id/635/200/200', 'Il fiore dai petali d\'acciaio', 122, '367-2-35-486430-7', 'Replacement of Left Scapula with Nonautologous Tissue Substitute, Percutaneous Approach', '2001-05-09', 23, 2, 6, 0),
(653, 'https://picsum.photos/id/1001/200/200', 'Emperor\'s New Groove 2: Kronk\'s New Groove, The', 19, '358-0-58-288177-5', 'Dilation of Left Brachial Artery with Drug-eluting Intraluminal Device, Open Approach', '2006-12-28', 32, 3, 4, 1),
(654, 'https://picsum.photos/id/446/200/200', 'Finding Nemo', 14, '682-3-64-942173-7', 'Supplement Lower Lip with Autologous Tissue Substitute, External Approach', '2006-01-08', 8, 2, 1, 1),
(655, 'https://picsum.photos/id/301/200/200', 'Cold Water (Eau Froide, L\')', 46, '919-1-60-389419-7', 'Destruction of Scrotum, Percutaneous Approach', '1993-03-03', 40, 1, 4, 0),
(656, 'https://picsum.photos/id/543/200/200', 'Zombie and the Ghost Train (Zombie ja Kummitusjuna)', 192, '727-1-37-137236-1', 'Bypass Superior Vena Cava to Pulmonary Trunk with Nonautologous Tissue Substitute, Open Approach', '2009-11-13', 39, 1, 2, 0),
(657, 'https://picsum.photos/id/691/200/200', 'Air Guitar Nation', 79, '310-2-35-207192-7', 'Change Intermittent Pressure Device on Left Thumb', '2000-01-24', 20, 1, 6, 1),
(658, 'https://picsum.photos/id/445/200/200', 'Which Way Is Up?', 114, '360-3-14-908129-2', 'Repair Left Face Vein, Percutaneous Approach', '2012-04-20', 45, 2, 2, 0),
(659, 'https://picsum.photos/id/45/200/200', 'English Vinglish', 170, '491-2-37-747436-5', 'Reposition Left Thyroid Gland Lobe, Percutaneous Endoscopic Approach', '1993-04-14', 23, 3, 5, 0),
(660, 'https://picsum.photos/id/940/200/200', 'Welcome to L.A.', 147, '189-0-65-529525-7', 'Revision of Synthetic Substitute in Male Perineum, Percutaneous Endoscopic Approach', '2002-10-04', 12, 2, 6, 0),
(661, 'https://picsum.photos/id/124/200/200', 'Ace Ventura: When Nature Calls', 86, '195-2-85-393266-0', 'Occlusion of Left Femoral Artery with Extraluminal Device, Percutaneous Approach', '2005-05-06', 36, 2, 4, 1),
(662, 'https://picsum.photos/id/637/200/200', 'Personal Velocity', 56, '126-3-51-180499-0', 'Replacement of Right Knee Joint, Femoral Surface with Synthetic Substitute, Open Approach', '2009-09-28', 25, 2, 5, 0),
(663, 'https://picsum.photos/id/974/200/200', 'Distant Thunder', 27, '292-0-81-817691-4', 'Revision of Drainage Device in Upper Bursa and Ligament, Open Approach', '2008-06-21', 45, 2, 3, 0),
(664, 'https://picsum.photos/id/569/200/200', 'Carlito\'s Way', 13, '961-3-32-581542-6', 'Dilation of Right Renal Artery, Bifurcation, with Three Drug-eluting Intraluminal Devices, Open Approach', '2001-04-12', 44, 3, 1, 0),
(665, 'https://picsum.photos/id/456/200/200', 'Student, The (El estudiante)', 10, '807-1-85-107850-5', 'Supplement Right Hand Tendon with Synthetic Substitute, Open Approach', '2016-06-13', 9, 2, 5, 0),
(666, 'https://picsum.photos/id/530/200/200', 'The Wonders', 101, '530-0-61-446303-0', 'Destruction of Right Kidney Pelvis, Percutaneous Approach', '2009-04-23', 42, 2, 4, 1),
(667, 'https://picsum.photos/id/51/200/200', 'Brief History of Time, A', 168, '312-1-84-265952-9', 'Supplement Right Sacroiliac Joint with Nonautologous Tissue Substitute, Percutaneous Endoscopic Approach', '1991-09-11', 21, 2, 4, 1),
(668, 'https://picsum.photos/id/590/200/200', 'Cavalcade', 60, '338-2-23-364108-2', 'Individual Psychotherapy for Substance Abuse Treatment, Motivational Enhancement', '1992-05-23', 44, 2, 5, 1),
(669, 'https://picsum.photos/id/1084/200/200', 'Life or Something Like It', 200, '421-3-76-600816-2', 'Destruction of Left Lower Lobe Bronchus, Percutaneous Endoscopic Approach', '1991-01-04', 44, 1, 3, 0),
(670, 'https://picsum.photos/id/487/200/200', 'Rabbit Without Ears (Keinohrhasen)', 157, '923-3-13-288697-3', 'Destruction of Bilateral Spermatic Cords, Percutaneous Approach', '2016-05-08', 13, 1, 2, 1),
(671, 'https://picsum.photos/id/484/200/200', 'Rhinoceros', 118, '738-1-54-840616-9', 'Supplement Left Finger Phalanx with Synthetic Substitute, Percutaneous Approach', '1998-04-28', 4, 2, 3, 1),
(672, 'https://picsum.photos/id/482/200/200', 'Blind Massage (Tui na)', 20, '931-2-81-483307-7', 'Removal of Intermittent Pressure Device on Left Lower Arm', '1996-08-12', 36, 2, 6, 0),
(673, 'https://picsum.photos/id/436/200/200', 'Stoplight Society, The (La Sociedad del Semáforo)', 113, '734-2-15-645640-3', 'Ultrasonography of Bilateral Lower Extremity Veins', '2009-04-12', 29, 3, 6, 1),
(674, 'https://picsum.photos/id/488/200/200', 'Spanking the Monkey', 160, '968-1-10-665707-5', 'Revision of Synthetic Substitute in Right Elbow Joint, Open Approach', '1996-12-17', 23, 3, 2, 0),
(675, 'https://picsum.photos/id/478/200/200', 'Man of the House', 143, '721-2-76-246681-4', 'Revision of Radioactive Element in Pericardial Cavity, Open Approach', '2006-10-10', 42, 2, 3, 1),
(676, 'https://picsum.photos/id/386/200/200', 'Rescuers Down Under, The', 180, '827-1-58-607795-2', 'Reposition Left Thorax Muscle, Open Approach', '2018-07-23', 7, 3, 2, 1),
(677, 'https://picsum.photos/id/408/200/200', 'Midnight Express', 71, '687-1-84-593537-4', 'Inspection of Right Lower Extremity, Percutaneous Approach', '1993-11-13', 35, 3, 3, 0),
(679, 'https://picsum.photos/id/401/200/200', 'Hamster Factor and Other Tales of Twelve Monkeys, The', 60, '352-1-81-280018-7', 'Removal of Synthetic Substitute from Sternum, Open Approach', '2016-03-28', 32, 2, 5, 0),
(680, 'https://picsum.photos/id/925/200/200', 'Anthony Adverse', 24, '459-2-63-777045-6', 'Occlusion of Right Brachial Vein, Percutaneous Endoscopic Approach', '2014-07-05', 37, 1, 3, 0),
(681, 'https://picsum.photos/id/1001/200/200', 'Burn', 112, '366-3-58-793669-8', 'Drainage of Right Knee Joint, Percutaneous Approach', '2001-12-21', 43, 2, 5, 1),
(682, 'https://picsum.photos/id/698/200/200', 'Dragon Age: Blood mage no seisen (a.k.a. Dragon Age: Dawn of the Seeker)', 101, '731-3-56-616988-9', 'Revision of Autologous Tissue Substitute in Vas Deferens, External Approach', '2010-04-27', 16, 3, 6, 1),
(684, 'https://picsum.photos/id/790/200/200', 'Andrei Rublev (Andrey Rublyov)', 97, '481-0-43-962562-0', 'Supplement Right Common Carotid Artery with Synthetic Substitute, Percutaneous Approach', '2013-02-03', 4, 2, 1, 0),
(685, 'https://picsum.photos/id/424/200/200', 'Running On Karma (Daai Zek Lou)', 140, '916-1-77-106128-5', 'Insertion of Infusion Device into Left Cephalic Vein, Open Approach', '2013-03-07', 30, 2, 1, 0),
(686, 'https://picsum.photos/id/203/200/200', 'P.S. Your Cat is Dead', 169, '529-1-98-213567-9', 'Reposition Left Sacroiliac Joint with Internal Fixation Device, Open Approach', '2009-08-19', 27, 2, 2, 1),
(687, 'https://picsum.photos/id/121/200/200', 'Friend of the Deceased, A (Priyatel pokonika)', 190, '236-0-61-308592-3', 'Drainage of Appendix, Via Natural or Artificial Opening Endoscopic', '2016-05-04', 14, 1, 4, 0),
(688, 'https://picsum.photos/id/700/200/200', 'Mystery on Monster Island', 103, '723-3-97-883635-0', 'Drainage of Left Eustachian Tube, Via Natural or Artificial Opening, Diagnostic', '2018-04-16', 24, 3, 2, 1),
(690, 'https://picsum.photos/id/185/200/200', 'Quickie, The', 6, '261-1-19-588615-5', 'Muscle Performance Assessment of Musculoskeletal System - Whole Body using Prosthesis', '1994-11-05', 12, 1, 2, 0),
(691, 'https://picsum.photos/id/896/200/200', 'Ugly Truth, The', 34, '942-0-80-524208-9', 'Replacement of Left Atrium with Autologous Tissue Substitute, Percutaneous Endoscopic Approach', '2017-08-06', 9, 3, 4, 0),
(692, 'https://picsum.photos/id/455/200/200', 'Dark Knight, The', 92, '272-2-79-515937-3', 'Drainage of Left Sternoclavicular Joint, Open Approach, Diagnostic', '1998-06-13', 40, 1, 3, 0),
(693, 'https://picsum.photos/id/376/200/200', 'Sekirei', 126, '594-2-27-169316-1', 'Supplement Right Ring Finger with Synthetic Substitute, Open Approach', '1999-12-12', 46, 2, 4, 1),
(694, 'https://picsum.photos/id/1083/200/200', 'How the West Was Won', 123, '434-3-52-908045-3', 'Augmentative/Alternative Communication System Assessment using Other Equipment', '1994-01-09', 39, 1, 1, 1),
(695, 'https://picsum.photos/id/1029/200/200', 'Black Hand', 74, '291-3-94-907154-0', 'Excision of Right Sphenoid Bone, Open Approach, Diagnostic', '2019-06-03', 3, 2, 5, 0),
(696, 'https://picsum.photos/id/904/200/200', 'Spider Lilies (Ci qing)', 97, '863-3-75-600215-2', 'Repair Papillary Muscle, Percutaneous Approach', '1999-10-27', 18, 1, 5, 0),
(697, 'https://picsum.photos/id/609/200/200', 'Cremaster 3', 49, '157-3-42-476739-9', 'Bypass Coronary Artery, Three Arteries from Thoracic Artery, Percutaneous Endoscopic Approach', '1992-02-03', 32, 1, 5, 0),
(698, 'https://picsum.photos/id/263/200/200', 'Harvest Month, The (Elokuu)', 149, '228-3-38-657066-3', 'Measurement of Venous Pulse, Peripheral, Percutaneous Approach', '2012-07-01', 5, 3, 3, 1),
(699, 'https://picsum.photos/id/935/200/200', 'Annie Oakley', 87, '718-3-23-527353-3', 'Revision of Monitoring Device in Gallbladder, External Approach', '1996-12-07', 31, 1, 5, 0),
(700, 'https://picsum.photos/id/863/200/200', 'In the Name of the King: A Dungeon Siege Tale', 50, '225-3-21-632236-2', 'Reposition Thoracolumbar Vertebral Joint, Percutaneous Endoscopic Approach', '2015-11-09', 17, 3, 6, 0),
(701, 'https://picsum.photos/id/564/200/200', 'Idle Mist (Vana Espuma)', 165, '139-1-17-839166-5', 'Drainage of Left Parotid Duct with Drainage Device, Open Approach', '2010-10-14', 48, 2, 5, 0),
(702, 'https://picsum.photos/id/399/200/200', 'Comic-Con Episode IV: A Fan\'s Hope', 56, '806-3-45-271154-0', 'Removal of Synthetic Substitute from Left Toe Phalanx, Open Approach', '2011-05-17', 45, 3, 3, 0),
(703, 'https://picsum.photos/id/991/200/200', 'And So It Is', 139, '762-1-31-453296-1', 'Removal of Infusion Device from Uterus and Cervix, Open Approach', '2001-09-22', 42, 1, 2, 0),
(704, 'https://picsum.photos/id/350/200/200', 'Ice Station Zebra', 20, '391-2-43-218774-8', 'Excision of Left Lobe Liver, Percutaneous Approach, Diagnostic', '2014-05-27', 50, 2, 4, 1),
(705, 'https://picsum.photos/id/1047/200/200', 'Art of War, The', 198, '826-2-68-308273-7', 'Release Left Rib, Percutaneous Endoscopic Approach', '1994-11-08', 1, 2, 2, 1),
(706, 'https://picsum.photos/id/491/200/200', 'Carter, The', 173, '688-1-22-761553-2', 'Repair Right Toe Phalangeal Joint, Percutaneous Approach', '2012-06-20', 14, 3, 2, 1),
(707, 'https://picsum.photos/id/434/200/200', 'Lipstick', 107, '181-1-50-772056-9', 'Removal of Splint on Right Inguinal Region', '2011-07-17', 41, 3, 6, 0),
(708, 'https://picsum.photos/id/938/200/200', 'Werner Herzog Eats His Shoe', 165, '208-3-96-397884-9', 'Dilation of Superior Mesenteric Artery, Bifurcation, with Three Drug-eluting Intraluminal Devices, Percutaneous Approach', '2011-02-25', 50, 1, 2, 0),
(709, 'https://picsum.photos/id/235/200/200', 'Rocaterrania', 53, '923-2-35-336669-1', 'Drainage of Skull with Drainage Device, Open Approach', '2015-11-28', 37, 3, 3, 1),
(710, 'https://picsum.photos/id/95/200/200', 'Winged Creatures (Fragments)', 8, '944-3-50-564870-5', 'Release Pancreatic Duct, Percutaneous Endoscopic Approach', '1996-07-15', 26, 1, 6, 1),
(711, 'https://picsum.photos/id/351/200/200', 'Transylvania', 121, '913-3-52-873131-5', 'Dilation of Right Foot Artery with Drug-eluting Intraluminal Device, Percutaneous Approach', '2002-04-22', 17, 2, 4, 1),
(712, 'https://picsum.photos/id/773/200/200', 'Nirvana', 19, '230-3-82-939321-3', 'Dilation of Right Hand Artery with Two Intraluminal Devices, Percutaneous Approach', '2014-11-03', 24, 3, 6, 1),
(713, 'https://picsum.photos/id/27/200/200', 'War of the Wildcats (In Old Oklahoma)', 8, '121-2-83-471663-5', 'Compression of Face using Pressure Dressing', '1991-02-18', 27, 1, 2, 1),
(714, 'https://picsum.photos/id/640/200/200', 'Charlie Chan in the Secret Service', 89, '110-0-38-943068-5', 'Revision of Infusion Device in Endocrine Gland, Open Approach', '2007-04-26', 42, 2, 5, 0),
(715, 'https://picsum.photos/id/929/200/200', 'Glue', 135, '536-0-24-913314-1', 'Removal of Intermittent Pressure Device on Face', '1992-03-27', 36, 2, 3, 1),
(716, 'https://picsum.photos/id/845/200/200', 'Sisterhood of the Traveling Pants 2, The', 22, '646-1-65-950548-6', 'Removal of Autologous Tissue Substitute from Left Breast, Percutaneous Approach', '2002-08-22', 14, 1, 2, 1),
(717, 'https://picsum.photos/id/635/200/200', 'Emmett\'s Mark', 198, '259-1-79-367250-6', 'Reposition Right Orbit, External Approach', '2013-10-02', 40, 3, 2, 0),
(718, 'https://picsum.photos/id/662/200/200', 'Governess, The', 140, '532-0-45-822207-9', 'Release Inferior Mesenteric Vein, Open Approach', '1997-12-24', 32, 2, 5, 1),
(719, 'https://picsum.photos/id/668/200/200', 'Navy Blues', 36, '571-2-71-490245-7', 'Drainage of Left Thumb Phalanx, Percutaneous Approach', '2004-09-10', 14, 3, 2, 0),
(720, 'https://picsum.photos/id/581/200/200', 'Seconds Apart ', 119, '793-2-51-112299-7', 'Revision of Drainage Device in Tracheobronchial Tree, Via Natural or Artificial Opening', '1995-11-11', 49, 3, 5, 0),
(721, 'https://picsum.photos/id/410/200/200', 'Lawless, The', 180, '997-2-20-689391-3', 'Resection of Left Vocal Cord, Open Approach', '2010-06-11', 15, 2, 2, 0),
(722, 'https://picsum.photos/id/175/200/200', 'In Crowd, The', 63, '107-3-25-603738-2', 'Restriction of Left Basilic Vein, Open Approach', '1996-06-16', 15, 1, 5, 1),
(723, 'https://picsum.photos/id/932/200/200', 'Gospa', 184, '890-2-37-823710-3', 'Excision of Left Hypogastric Vein, Open Approach, Diagnostic', '2013-01-05', 37, 3, 4, 1),
(724, 'https://picsum.photos/id/877/200/200', 'Forgetting Sarah Marshall', 92, '679-2-20-190053-9', 'Bypass Right Axillary Artery to Right Upper Arm Artery with Nonautologous Tissue Substitute, Open Approach', '1999-12-17', 25, 2, 2, 0),
(725, 'https://picsum.photos/id/458/200/200', 'Ladybug Ladybug ', 25, '820-2-54-225619-5', 'Excision of Thoracolumbar Vertebral Joint, Open Approach, Diagnostic', '2008-03-22', 46, 2, 1, 0),
(726, 'https://picsum.photos/id/1021/200/200', 'Casper', 62, '523-1-11-783834-5', 'Reposition Left Lower Femur with Intramedullary Internal Fixation Device, Percutaneous Approach', '1992-11-10', 10, 2, 5, 0),
(727, 'https://picsum.photos/id/896/200/200', 'Yella', 186, '859-0-59-996795-2', 'Bypass Left Ureter to Colocutaneous with Autologous Tissue Substitute, Percutaneous Endoscopic Approach', '2017-04-06', 25, 2, 5, 1),
(729, 'https://picsum.photos/id/602/200/200', 'Virgin Stripped Bare by Her Bachelors (Oh! Soo-jung)', 166, '356-0-45-889183-2', 'Release Left Metacarpocarpal Joint, Percutaneous Approach', '1999-05-31', 24, 2, 1, 0),
(730, 'https://picsum.photos/id/292/200/200', 'Zardoz', 11, '736-1-55-683514-1', 'Bypass Coronary Artery, Two Arteries from Right Internal Mammary, Open Approach', '1995-05-06', 11, 1, 6, 1),
(731, 'https://picsum.photos/id/853/200/200', 'Double, The', 22, '754-3-11-823003-3', 'Drainage of Left Upper Extremity Lymphatic with Drainage Device, Percutaneous Approach', '1998-04-13', 37, 2, 5, 0),
(732, 'https://picsum.photos/id/480/200/200', 'Melvin and Howard', 169, '969-3-72-366200-5', 'Hyperthermia of Pineal Body', '1999-10-08', 22, 1, 4, 0),
(733, 'https://picsum.photos/id/212/200/200', 'Wrath of God, The', 62, '295-3-56-367382-0', 'Dilation of Left Ulnar Artery, Bifurcation, with Three Drug-eluting Intraluminal Devices, Percutaneous Approach', '1994-05-09', 9, 2, 1, 1),
(734, 'https://picsum.photos/id/997/200/200', 'Hall Pass', 8, '918-3-71-792799-0', 'Inspection of Liver, Percutaneous Endoscopic Approach', '2000-12-18', 11, 2, 2, 1),
(735, 'https://picsum.photos/id/885/200/200', 'Monsieur Ibrahim (Monsieur Ibrahim et les fleurs du Coran)', 87, '263-2-86-413380-5', 'Supplement Lower Artery with Synthetic Substitute, Percutaneous Endoscopic Approach', '2014-09-03', 31, 3, 2, 1),
(736, 'https://picsum.photos/id/496/200/200', 'Submarino', 111, '566-1-42-844913-6', 'Release Right Eye, External Approach', '2004-06-15', 17, 1, 3, 1),
(737, 'https://picsum.photos/id/655/200/200', 'Almost 18', 97, '783-0-24-399878-7', 'Bypass Right Brachial Artery to Upper Arm Vein with Autologous Venous Tissue, Open Approach', '2015-10-25', 28, 3, 5, 0),
(738, 'https://picsum.photos/id/519/200/200', 'Companeros (Vamos a matar, compañeros)', 44, '203-1-94-628841-1', 'Resection of Left Breast, Open Approach', '1991-10-29', 1, 1, 3, 1),
(739, 'https://picsum.photos/id/1061/200/200', 'Lucky', 143, '979-3-57-522704-1', 'Bypass Coronary Artery, Two Arteries from Aorta with Autologous Arterial Tissue, Percutaneous Endoscopic Approach', '2012-04-23', 44, 1, 1, 0),
(740, 'https://picsum.photos/id/456/200/200', 'In a Better World (Hævnen)', 160, '851-1-45-648523-3', 'Tomographic (Tomo) Nuclear Medicine Imaging of Bilateral Lower Extremities using Other Radionuclide', '1996-06-12', 17, 3, 2, 0),
(741, 'https://picsum.photos/id/353/200/200', 'Jeanne and the Perfect Guy (Jeanne et le garçon formidable)', 17, '466-2-43-964815-8', 'Removal of Drainage Device from Vagina and Cul-de-sac, Via Natural or Artificial Opening Endoscopic', '1999-05-17', 9, 1, 1, 0),
(742, 'https://picsum.photos/id/129/200/200', 'Turkish Dance, Ella Lola', 73, '947-0-86-659242-4', 'Revision of Nonautologous Tissue Substitute in Thoracic Vertebral Joint, Percutaneous Approach', '1999-12-09', 42, 3, 4, 1),
(743, 'https://picsum.photos/id/125/200/200', 'Kaleidoscope', 29, '927-3-49-772379-8', 'Extirpation of Matter from Left Thyroid Artery, Bifurcation, Open Approach', '2005-08-18', 3, 2, 3, 1),
(744, 'https://picsum.photos/id/494/200/200', 'Penn & Teller Get Killed', 9, '547-1-23-644575-6', 'Dilation of Coronary Artery, One Artery with Four or More Intraluminal Devices, Percutaneous Approach', '2001-05-22', 23, 2, 2, 0),
(745, 'https://picsum.photos/id/791/200/200', 'Shuttle', 178, '766-3-48-720744-4', 'Motor Function Treatment of Neurological System - Head and Neck using Prosthesis', '2016-04-10', 22, 2, 6, 1),
(746, 'https://picsum.photos/id/30/200/200', 'Friend Is a Treasure, A (Chi Trova Un Amico, Trova un Tesoro) (Who Finds a Friend Finds a Treasure)', 139, '858-0-82-303478-7', 'Excision of Atrial Septum, Percutaneous Endoscopic Approach, Diagnostic', '2006-01-01', 41, 3, 4, 0),
(747, 'https://picsum.photos/id/225/200/200', 'Winter Sleepers (Winterschläfer)', 188, '321-0-58-774023-9', 'Dilation of Right Posterior Tibial Artery with Four or More Drug-eluting Intraluminal Devices, Percutaneous Approach', '1997-04-20', 15, 1, 4, 1),
(748, 'https://picsum.photos/id/217/200/200', 'A Follower for Emily', 42, '311-3-67-526438-9', 'Magnetic Resonance Imaging (MRI) of Left Patella using Other Contrast', '2019-10-19', 14, 1, 1, 0),
(749, 'https://picsum.photos/id/302/200/200', 'Hills Have Eyes, The', 109, '935-2-54-628529-1', 'Occlusion of Thorax Lymphatic with Intraluminal Device, Percutaneous Approach', '2012-08-07', 49, 2, 5, 1),
(750, 'https://picsum.photos/id/94/200/200', 'Roadkill (a.k.a. Roadkill: Move or Die)', 69, '677-1-88-377480-8', 'Removal of Infusion Device from Heart, Open Approach', '1996-11-23', 33, 1, 1, 0),
(751, 'https://picsum.photos/id/50/200/200', 'Not Another Teen Movie', 36, '789-3-56-787457-1', 'Supplement Left Hand Vein with Autologous Tissue Substitute, Percutaneous Endoscopic Approach', '2012-12-03', 34, 1, 3, 0),
(752, 'https://picsum.photos/id/387/200/200', 'Kokowääh', 125, '608-2-20-804068-6', 'Bypass Ascending Colon to Rectum with Autologous Tissue Substitute, Via Natural or Artificial Opening Endoscopic', '2016-10-19', 36, 1, 3, 1),
(753, 'https://picsum.photos/id/724/200/200', 'Pleasures of the Flesh (Etsuraku)', 199, '646-3-99-265900-8', 'Revision of Autologous Tissue Substitute in Left Metacarpocarpal Joint, Percutaneous Approach', '2013-01-09', 38, 3, 6, 0),
(755, 'https://picsum.photos/id/880/200/200', 'Omega Doom', 110, '765-3-46-496233-0', 'Computerized Tomography (CT Scan) of Bilateral Lower Extremity Arteries using Other Contrast', '2014-04-13', 44, 1, 4, 0),
(756, 'https://picsum.photos/id/699/200/200', 'Dying of Laughter (Muertos de Risa)', 54, '953-0-78-642458-6', 'Revision of Radioactive Element in Mouth and Throat, Percutaneous Approach', '2009-02-13', 32, 1, 2, 0),
(757, 'https://picsum.photos/id/31/200/200', 'Juror, The', 34, '330-1-62-504276-1', 'Reposition Left Tarsal, External Approach', '2004-08-11', 22, 3, 4, 1),
(758, 'https://picsum.photos/id/585/200/200', 'Cotton Comes to Harlem', 98, '170-2-82-890646-7', 'Bypass Cecum to Cecum, Open Approach', '1994-11-04', 40, 3, 2, 0),
(759, 'https://picsum.photos/id/584/200/200', 'Chesty: A Tribute to a Legend', 102, '250-3-37-997597-8', 'Replacement of Right Rib with Nonautologous Tissue Substitute, Percutaneous Approach', '2016-06-24', 50, 2, 2, 1),
(760, 'https://picsum.photos/id/882/200/200', 'Peter\'s Friends', 29, '626-3-91-684956-2', 'Bypass Right Femoral Artery to Lower Extremity Artery with Autologous Arterial Tissue, Open Approach', '2016-04-16', 18, 1, 6, 1),
(763, 'https://picsum.photos/id/926/200/200', 'Gerhard Richter Painting', 46, '916-2-91-695853-9', 'Occlusion of Left Hypogastric Vein with Intraluminal Device, Percutaneous Approach', '2015-05-01', 30, 3, 3, 1),
(764, 'https://picsum.photos/id/141/200/200', 'Smell of Camphor, Fragrance of Jasmine (Booye kafoor, atre yas)', 144, '946-3-80-253054-0', 'Planar Nuclear Medicine Imaging of Upper Chest Lymphatics using Technetium 99m (Tc-99m)', '2008-04-02', 29, 2, 3, 0),
(766, 'https://picsum.photos/id/292/200/200', 'Benjamin Blümchen - Seine schönsten Abenteuer', 29, '833-3-22-717655-2', 'Computerized Tomography (CT Scan) of Left Foot/Toe Joint using High Osmolar Contrast', '2019-10-12', 13, 2, 5, 0),
(767, 'https://picsum.photos/id/583/200/200', 'Extreme Movie', 77, '921-1-69-634207-5', 'Extirpation of Matter from Left Iris, External Approach', '2009-05-19', 3, 2, 4, 1),
(768, 'https://picsum.photos/id/514/200/200', 'Perfect Circle, The (Savrseni krug)', 42, '202-2-38-276373-2', 'Excision of Anal Sphincter, Open Approach', '2003-05-09', 46, 3, 1, 0),
(770, 'https://picsum.photos/id/802/200/200', 'Heroic Ones, The (Shi san tai bao)', 172, '231-1-70-682780-8', 'Computerized Tomography (CT Scan) of Intracranial Arteries using Intravascular Optical Coherence', '2006-12-26', 21, 1, 1, 1),
(771, 'https://picsum.photos/id/50/200/200', 'War at Home, The', 158, '109-1-15-910517-2', 'Release Splenic Vein, Percutaneous Endoscopic Approach', '1999-10-07', 42, 1, 4, 0),
(772, 'https://picsum.photos/id/806/200/200', 'Misery', 64, '932-1-39-411328-2', 'Fragmentation in Jejunum, Percutaneous Endoscopic Approach', '1994-08-25', 33, 1, 6, 1),
(773, 'https://picsum.photos/id/198/200/200', 'The Harmony Game', 35, '337-2-95-785315-9', 'Drainage of Left Wrist Joint with Drainage Device, Percutaneous Endoscopic Approach', '1992-11-20', 45, 2, 4, 1),
(774, 'https://picsum.photos/id/1026/200/200', 'Robinson in Space', 95, '900-2-28-726968-0', 'Destruction of Left External Jugular Vein, Open Approach', '2019-07-25', 23, 1, 3, 0),
(775, 'https://picsum.photos/id/244/200/200', 'Moving McAllister', 199, '339-1-98-903526-8', 'Supplement Mesentery with Autologous Tissue Substitute, Open Approach', '1997-01-25', 25, 3, 1, 0),
(776, 'https://picsum.photos/id/940/200/200', '976-EVIL', 155, '764-0-14-683243-0', 'Revision of Internal Fixation Device in Right Fibula, Percutaneous Approach', '2015-01-03', 13, 3, 5, 0),
(777, 'https://picsum.photos/id/860/200/200', 'Muriel\'s Wedding', 89, '443-2-78-667624-4', 'Insertion of Bone Growth Stimulator into Lower Bone, Open Approach', '1997-04-23', 47, 1, 3, 0),
(778, 'https://picsum.photos/id/1038/200/200', 'Finding Fela!', 102, '357-1-81-185344-1', 'Extirpation of Matter from Right Toe Phalangeal Joint, Percutaneous Approach', '2007-04-28', 23, 3, 1, 0),
(779, 'https://picsum.photos/id/378/200/200', 'Proposal, The', 187, '487-2-18-570048-0', 'Excision of Right Parotid Gland, Open Approach, Diagnostic', '1993-05-14', 31, 1, 3, 0),
(781, 'https://picsum.photos/id/251/200/200', 'Murder by Contract', 172, '826-3-71-679321-7', 'Excision of Right Lower Arm and Wrist Tendon, Open Approach, Diagnostic', '1994-08-18', 45, 3, 6, 0),
(782, 'https://picsum.photos/id/686/200/200', 'Return from Witch Mountain', 28, '598-0-17-146909-1', 'Transfer Perineum Subcutaneous Tissue and Fascia, Open Approach', '2000-04-13', 41, 1, 1, 0),
(783, 'https://picsum.photos/id/515/200/200', 'Danton', 35, '275-0-30-448971-4', 'Change Cast on Right Upper Extremity', '1995-12-30', 37, 2, 5, 1),
(784, 'https://picsum.photos/id/804/200/200', 'Bodyguards and Assassins', 80, '437-3-76-702233-3', 'Excision of Left External Ear, Percutaneous Approach', '2018-11-04', 47, 2, 1, 1),
(785, 'https://picsum.photos/id/203/200/200', 'Private Parts', 50, '819-3-37-335183-6', 'Psychological Tests, Personality and Behavioral', '2015-07-08', 50, 1, 2, 1),
(788, 'https://picsum.photos/id/428/200/200', 'Feiern', 10, '419-0-41-194240-9', 'Insertion of Internal Fixation Device into Right Sacroiliac Joint, Percutaneous Approach', '2014-06-26', 22, 1, 6, 1),
(789, 'https://picsum.photos/id/905/200/200', 'Breaking Wind', 106, '354-1-39-892801-0', 'Fluoroscopy of Right Pulmonary Vein using High Osmolar Contrast', '2011-10-29', 37, 3, 1, 1),
(790, 'https://picsum.photos/id/384/200/200', 'Dunwich Horror, The', 141, '772-1-22-460660-1', 'Insertion of Radioactive Element into Pancreatic Duct, Percutaneous Endoscopic Approach', '1994-08-14', 19, 2, 6, 0),
(791, 'https://picsum.photos/id/477/200/200', 'White Fang', 132, '291-0-19-977767-7', 'Tendons, Resection', '2011-02-27', 8, 3, 5, 0),
(792, 'https://picsum.photos/id/868/200/200', 'Far Cry', 176, '476-2-57-106299-2', 'Removal of Drainage Device from Right Metacarpocarpal Joint, Percutaneous Endoscopic Approach', '1994-09-13', 5, 3, 5, 0),
(793, 'https://picsum.photos/id/193/200/200', 'Bitter Creek', 27, '519-0-67-623323-3', 'Bypass Left Femoral Artery to Lower Extremity Artery with Nonautologous Tissue Substitute, Open Approach', '1992-09-20', 13, 3, 6, 0),
(794, 'https://picsum.photos/id/776/200/200', 'Not on Your Life (Verdugo, El) (Executioner, The)', 88, '609-0-62-177323-1', 'Drainage of Oral Cavity and Throat, Percutaneous Endoscopic Approach', '2015-11-09', 42, 3, 5, 1),
(796, 'https://picsum.photos/id/819/200/200', 'I\'m Still Here', 94, '912-2-77-615758-5', 'Insertion of Other Device into Retroperitoneum, Percutaneous Endoscopic Approach', '2007-04-17', 17, 1, 4, 1),
(797, 'https://picsum.photos/id/835/200/200', 'God told Me To', 100, '444-3-23-256242-7', 'Dilation of Left Large Intestine, Percutaneous Endoscopic Approach', '1991-08-17', 15, 2, 3, 1),
(799, 'https://picsum.photos/id/687/200/200', 'Teen Wolf Too', 137, '867-1-57-750680-2', 'Inspection of Gallbladder, Percutaneous Endoscopic Approach', '2009-10-17', 9, 1, 5, 1),
(800, 'https://picsum.photos/id/533/200/200', 'Just Married', 190, '146-1-91-227316-5', 'Supplement Left Fallopian Tube with Nonautologous Tissue Substitute, Via Natural or Artificial Opening', '1996-04-19', 20, 2, 6, 0),
(801, 'https://picsum.photos/id/106/200/200', 'Bugs Bunny\'s Looney Christmas Tales', 9, '428-0-77-502625-7', 'Supplement Intracranial Vein with Nonautologous Tissue Substitute, Percutaneous Approach', '1994-02-15', 14, 3, 4, 1),
(802, 'https://picsum.photos/id/702/200/200', 'Great Debaters, The', 150, '712-3-79-724289-1', 'Repair Right Middle Lobe Bronchus, Via Natural or Artificial Opening', '2000-07-18', 40, 1, 5, 1),
(803, 'https://picsum.photos/id/391/200/200', 'The Derby Stallion', 39, '463-1-62-338288-2', 'Supplement Pulmonary Trunk with Nonautologous Tissue Substitute, Percutaneous Endoscopic Approach', '2018-07-26', 49, 3, 3, 1),
(804, 'https://picsum.photos/id/847/200/200', 'Joe\'s Apartment', 172, '422-1-38-571607-5', 'Insertion of Infusion Device into Left Eye, Percutaneous Approach', '2014-01-29', 2, 1, 6, 0),
(805, 'https://picsum.photos/id/645/200/200', 'Time for Drunken Horses, A (Zamani barayé masti asbha)', 39, '529-1-57-770401-9', 'Supplement Right Cornea with Autologous Tissue Substitute, Percutaneous Approach', '2018-05-24', 26, 3, 3, 0),
(806, 'https://picsum.photos/id/1021/200/200', 'George Washington Slept Here', 132, '753-3-43-400629-3', 'Drainage of Left Frontal Sinus, Percutaneous Endoscopic Approach', '2016-01-27', 49, 3, 2, 0),
(807, 'https://picsum.photos/id/941/200/200', 'The Punisher: Dirty Laundry', 120, '343-0-96-347062-6', 'Supplement Dura Mater with Nonautologous Tissue Substitute, Percutaneous Endoscopic Approach', '1998-07-15', 40, 3, 3, 0),
(808, 'https://picsum.photos/id/486/200/200', 'Jurassic Park', 14, '715-3-24-302787-2', 'High Dose Rate (HDR) Brachytherapy of Urethra using Californium 252 (Cf-252)', '2008-08-07', 37, 2, 5, 0),
(809, 'https://picsum.photos/id/923/200/200', 'My Stars (Mes stars et moi)', 181, '803-2-27-730667-2', 'Alteration of Right Lower Leg with Autologous Tissue Substitute, Percutaneous Endoscopic Approach', '2013-09-01', 40, 2, 4, 1),
(810, 'https://picsum.photos/id/267/200/200', 'Shattered Image', 146, '858-1-70-921928-2', 'Occlusion of Right Ureter, Open Approach', '2012-04-25', 7, 3, 5, 0),
(811, 'https://picsum.photos/id/883/200/200', 'My Blue Heaven', 52, '132-2-73-279423-7', 'Reposition Left Scapula, Open Approach', '1994-03-01', 15, 3, 4, 0),
(812, 'https://picsum.photos/id/824/200/200', 'Dragon Gate Inn (Dragon Inn) (Long men kezhan)', 149, '665-0-99-640891-7', 'Osteopathic Treatment of Cervical Region using Indirect Forces', '2010-09-30', 37, 2, 4, 0),
(813, 'https://picsum.photos/id/133/200/200', 'Infernal Affairs (Mou gaan dou)', 105, '636-3-11-526922-5', 'Reattachment of Right Knee Tendon, Open Approach', '2000-10-09', 26, 3, 2, 0),
(814, 'https://picsum.photos/id/396/200/200', 'Doll, The (Lalka)', 5, '337-0-61-580123-3', 'Repair Sacrococcygeal Joint, Percutaneous Approach', '2000-11-14', 25, 3, 6, 1),
(816, 'https://picsum.photos/id/865/200/200', 'Micki + Maude', 104, '947-2-30-802006-7', 'Dilation of Pulmonary Valve with Drug-eluting Intraluminal Device, Open Approach', '2008-10-31', 13, 3, 2, 0),
(817, 'https://picsum.photos/id/7/200/200', 'Adrift (Choi Voi)', 91, '599-1-78-792471-6', 'Division of Right Ankle Bursa and Ligament, Percutaneous Endoscopic Approach', '2013-10-05', 48, 3, 2, 0);
INSERT INTO `media` (`media_id`, `image`, `title`, `fk_author`, `isbn`, `description`, `publish_date`, `fk_publisher`, `fk_type`, `fk_genre`, `fk_available`) VALUES
(818, 'https://picsum.photos/id/583/200/200', 'Scary or Die', 150, '903-2-74-705320-4', 'Drainage of Brachial Plexus with Drainage Device, Percutaneous Endoscopic Approach', '1994-05-12', 18, 3, 2, 1),
(819, 'https://picsum.photos/id/79/200/200', 'Harsh Times', 187, '532-0-71-498287-8', 'Bypass Coronary Artery, Four or More Arteries from Abdominal Artery with Synthetic Substitute, Percutaneous Endoscopic Approach', '2012-06-16', 46, 1, 1, 1),
(820, 'https://picsum.photos/id/549/200/200', 'Devil Is a Woman, The', 34, '970-2-56-773075-9', 'Extirpation of Matter from Left Adrenal Gland, Percutaneous Approach', '2017-02-17', 37, 2, 1, 0),
(821, 'https://picsum.photos/id/500/200/200', 'Police Academy 3: Back in Training', 26, '759-1-60-235991-3', 'Drainage of Left Metacarpophalangeal Joint with Drainage Device, Open Approach', '2014-09-04', 50, 2, 3, 0),
(822, 'https://picsum.photos/id/949/200/200', 'Whose Life Is It Anyway?', 1, '696-3-33-229329-5', 'Bypass Right Innominate Vein to Upper Vein with Autologous Arterial Tissue, Open Approach', '2017-12-30', 49, 3, 3, 0),
(823, 'https://picsum.photos/id/191/200/200', 'Missionary Man', 144, '570-0-80-769610-2', 'Supplement of Left Upper Arm Subcutaneous Tissue and Fascia with Autologous Tissue Substitute, Percutaneous Approach', '1998-11-20', 43, 2, 4, 0),
(824, 'https://picsum.photos/id/937/200/200', 'Corn Island (Simindis kundzuli)', 162, '205-0-81-204058-1', 'Removal of Vascular Access Device from Lower Extremity Subcutaneous Tissue and Fascia, Open Approach', '2009-12-11', 34, 3, 6, 1),
(825, 'https://picsum.photos/id/118/200/200', 'Big Day, The (We Met on the Vineyard)', 79, '983-2-57-588860-8', 'Insertion of Infusion Device into Right Elbow Joint, Open Approach', '2011-12-13', 19, 3, 5, 0),
(826, 'https://picsum.photos/id/951/200/200', 'Whirlygirl', 121, '161-1-40-269132-9', 'Imaging, Heart, Plain Radiography', '2008-04-01', 50, 1, 2, 0),
(827, 'https://picsum.photos/id/398/200/200', 'Seas Beneath', 109, '544-0-61-905593-1', 'Dilation of Left Foot Artery, Bifurcation, with Four or More Drug-eluting Intraluminal Devices, Open Approach', '1994-03-27', 19, 1, 4, 1),
(828, 'https://picsum.photos/id/80/200/200', 'I Know That Voice', 161, '284-1-33-986818-7', 'Therapeutic Exercise Treatment of Circulatory System - Upper Back / Upper Extremity', '2013-09-11', 37, 1, 1, 0),
(829, 'https://picsum.photos/id/738/200/200', 'Brother (Brat)', 22, '179-2-56-567269-2', 'Repair Right Middle Ear, Open Approach', '2003-10-12', 29, 3, 5, 1),
(830, 'https://picsum.photos/id/501/200/200', 'Lockout', 136, '295-0-79-466560-1', 'Extirpation of Matter from Right Sclera, External Approach', '1991-07-02', 12, 3, 2, 0),
(831, 'https://picsum.photos/id/959/200/200', 'What Will You Do When You Catch Me? (Co mi zrobisz jak mnie zlapiesz?)', 122, '877-1-18-879695-4', 'Bypass Right External Iliac Artery to Right External Iliac Artery with Autologous Arterial Tissue, Open Approach', '1993-01-23', 30, 1, 5, 0),
(832, 'https://picsum.photos/id/430/200/200', 'Underworld U.S.A.', 86, '992-2-21-209739-6', 'Inspection of Chest Wall, Open Approach', '1999-01-24', 13, 3, 6, 0),
(833, 'https://picsum.photos/id/773/200/200', 'Sharknado 2: The Second One', 139, '860-1-48-357812-6', 'Measurement of Cardiac Sampling and Pressure, Bilateral, Open Approach', '2002-07-14', 21, 1, 5, 0),
(834, 'https://picsum.photos/id/278/200/200', 'Two Men in Manhattan (Deux hommes dans Manhattan)', 28, '157-0-57-424044-2', 'Insertion of Internal Fixation Device into Right Hip Joint, Percutaneous Approach', '1991-02-08', 50, 1, 5, 1),
(835, 'https://picsum.photos/id/492/200/200', 'Impact', 25, '722-0-75-459015-0', 'Repair Large Intestine, Percutaneous Approach', '1991-10-14', 20, 1, 5, 1),
(836, 'https://picsum.photos/id/271/200/200', 'Sweet November', 10, '595-0-19-549381-4', 'Drainage of Right Wrist Bursa and Ligament with Drainage Device, Percutaneous Endoscopic Approach', '2005-03-24', 1, 2, 2, 1),
(837, 'https://picsum.photos/id/313/200/200', 'Road to Brown, The', 173, '828-1-24-374283-2', 'Supplement Right Femoral Artery with Synthetic Substitute, Open Approach', '2006-06-06', 22, 3, 3, 1),
(838, 'https://picsum.photos/id/115/200/200', 'Going Overboard', 161, '592-1-82-360678-1', 'Division of Right Thumb Phalanx, Percutaneous Endoscopic Approach', '2003-06-04', 17, 3, 1, 0),
(839, 'https://picsum.photos/id/1050/200/200', 'Thank God It\'s Friday', 196, '421-1-57-450032-3', 'Transfer Left Shoulder Muscle with Subcutaneous Tissue, Percutaneous Endoscopic Approach', '2018-10-07', 16, 1, 2, 0),
(840, 'https://picsum.photos/id/865/200/200', 'Sound of My Voice', 60, '711-0-93-984358-3', 'Revision of Intraluminal Device in Lower Intestinal Tract, Via Natural or Artificial Opening', '2006-12-06', 11, 1, 5, 1),
(842, 'https://picsum.photos/id/36/200/200', 'Fulltime Killer (Chuen jik sat sau)', 136, '113-1-73-517603-4', 'Removal of Infusion Device from Male Perineum, Open Approach', '2017-06-28', 22, 3, 4, 1),
(843, 'https://picsum.photos/id/612/200/200', 'Darkman', 183, '681-2-66-438812-7', 'Reposition Right Radius with Hybrid External Fixation Device, Percutaneous Approach', '2009-02-01', 22, 2, 6, 0),
(844, 'https://picsum.photos/id/298/200/200', 'Chimes at Midnight (Campanadas a medianoche)', 146, '385-3-67-792366-3', 'Reposition Left Humeral Shaft, Percutaneous Endoscopic Approach', '2005-03-15', 48, 3, 4, 0),
(845, 'https://picsum.photos/id/72/200/200', 'Night on the Galactic Railroad (Ginga-tetsudo no yoru)', 184, '948-0-91-502522-4', 'Revision of Internal Fixation Device in Right Lower Femur, External Approach', '2018-06-21', 34, 3, 2, 1),
(846, 'https://picsum.photos/id/302/200/200', 'Eddie Izzard: Circle', 69, '289-1-49-212166-8', 'Drainage of Pelvic Cavity, Open Approach, Diagnostic', '2007-06-03', 46, 2, 1, 0),
(847, 'https://picsum.photos/id/94/200/200', 'Beck - Öga för öga', 119, '496-1-57-674662-3', 'Insertion of Infusion Device into Left Ulnar Artery, Percutaneous Approach', '2008-12-14', 40, 2, 5, 0),
(848, 'https://picsum.photos/id/300/200/200', 'April Fools, The', 133, '211-1-33-878045-7', 'Revision of Drainage Device in Right Wrist Joint, Open Approach', '2012-08-01', 25, 1, 6, 1),
(849, 'https://picsum.photos/id/249/200/200', 'Giant of Marathon, The (Battaglia di Maratona, La)', 65, '351-2-53-614542-3', 'Replacement of Right Mandible with Autologous Tissue Substitute, Percutaneous Approach', '1997-04-19', 22, 1, 5, 0),
(850, 'https://picsum.photos/id/585/200/200', 'God Is the Bigger Elvis', 36, '129-1-93-642760-7', 'Repair Lumbar Vertebral Disc, Open Approach', '1993-03-22', 28, 2, 1, 1),
(851, 'https://picsum.photos/id/885/200/200', 'Diggstown', 57, '587-2-67-258246-9', 'Reposition Right Lower Eyelid, Open Approach', '2010-06-19', 16, 1, 3, 1),
(852, 'https://picsum.photos/id/15/200/200', 'City Limits', 125, '797-1-55-972526-2', 'Release Trachea, Via Natural or Artificial Opening Endoscopic', '2005-04-16', 34, 1, 3, 1),
(853, 'https://picsum.photos/id/111/200/200', 'Georgia Rule', 165, '466-0-49-450757-5', 'Supplement Left Tympanic Membrane with Autologous Tissue Substitute, Via Natural or Artificial Opening', '2005-04-25', 4, 1, 6, 0),
(854, 'https://picsum.photos/id/855/200/200', 'The Remaining', 60, '746-0-20-237577-7', 'Computerized Tomography (CT Scan) of Pelvis', '2009-02-19', 37, 2, 6, 0),
(857, 'https://picsum.photos/id/620/200/200', 'Crow: Salvation, The', 188, '856-2-37-729815-8', 'Low Dose Rate (LDR) Brachytherapy of Bone Marrow using Other Isotope', '2018-10-19', 36, 1, 3, 0),
(858, 'https://picsum.photos/id/767/200/200', 'Desert Fox, The', 75, '615-3-60-656337-3', 'Supplement Right Little Finger with Nonautologous Tissue Substitute, Open Approach', '2012-12-04', 43, 3, 4, 1),
(859, 'https://picsum.photos/id/453/200/200', 'Executive Target', 5, '227-2-97-792552-5', 'Repair Right Ring Finger, Percutaneous Approach', '2004-11-07', 13, 3, 3, 0),
(860, 'https://picsum.photos/id/1005/200/200', 'Love in Another Language (Baska Dilde Ask)', 117, '888-1-88-732571-1', 'Removal of Synthetic Substitute from Pancreatic Duct, Percutaneous Endoscopic Approach', '1994-10-01', 33, 2, 2, 1),
(862, 'https://picsum.photos/id/32/200/200', 'June 9 ', 64, '513-0-83-655594-9', 'Static Orthosis Device Fitting using Assistive, Adaptive, Supportive or Protective Equipment', '1994-07-16', 45, 3, 2, 0),
(863, 'https://picsum.photos/id/773/200/200', 'Allegheny Uprising', 18, '548-3-19-219663-1', 'Magnetic Resonance Imaging (MRI) of Lower Extremity Subcutaneous Tissue using Other Contrast', '2003-06-22', 41, 3, 1, 1),
(864, 'https://picsum.photos/id/64/200/200', 'Tai Chi Master (Twin Warriors) (Tai ji: Zhang San Feng)', 117, '802-3-36-782328-5', 'Resection of Left Foot Tendon, Open Approach', '2009-08-18', 40, 2, 4, 0),
(865, 'https://picsum.photos/id/936/200/200', 'Circle, The (Dayereh)', 29, '872-1-66-271340-7', 'Release Right Metacarpocarpal Joint, Open Approach', '2002-08-29', 39, 2, 4, 1),
(866, 'https://picsum.photos/id/103/200/200', 'Powder Blue', 24, '254-2-80-730857-1', 'Removal of External Fixation Device from Right Humeral Shaft, Open Approach', '2008-03-01', 33, 2, 2, 1),
(867, 'https://picsum.photos/id/498/200/200', 'Kisses (Kuchizuke)', 120, '410-2-55-899712-5', 'Fusion of Right Temporomandibular Joint with Autologous Tissue Substitute, Open Approach', '1996-02-05', 6, 2, 4, 0),
(868, 'https://picsum.photos/id/384/200/200', 'Earth Days', 147, '951-1-39-846046-5', 'Transplantation of Right Ovary, Zooplastic, Open Approach', '2008-02-04', 42, 3, 3, 0),
(869, 'https://picsum.photos/id/557/200/200', 'Opportunists, The', 136, '262-3-71-100588-1', 'Excision of Left Upper Arm Tendon, Percutaneous Endoscopic Approach', '2009-08-07', 34, 1, 1, 1),
(870, 'https://picsum.photos/id/1/200/200', 'Mr. Kinky', 74, '853-3-52-641937-5', 'Excision of Right Eustachian Tube, Percutaneous Endoscopic Approach, Diagnostic', '1995-02-03', 30, 2, 2, 1),
(871, 'https://picsum.photos/id/101/200/200', 'Sabotage', 27, '474-1-73-310989-0', 'Dilation of Superior Mesenteric Artery with Intraluminal Device, Open Approach', '2000-03-28', 37, 3, 1, 1),
(872, 'https://picsum.photos/id/197/200/200', 'Death King, The (Der Todesking)', 20, '641-1-80-798905-7', 'Extirpation of Matter from Left Subclavian Vein, Percutaneous Endoscopic Approach', '2001-04-25', 7, 1, 2, 1),
(873, 'https://picsum.photos/id/915/200/200', '3 Ninjas Knuckle Up', 25, '409-2-16-352618-7', 'Restriction of Stomach with Intraluminal Device, Percutaneous Approach', '2017-04-14', 27, 1, 3, 0),
(874, 'https://picsum.photos/id/768/200/200', 'In the Mood For Love (Fa yeung nin wa)', 96, '508-3-75-404346-9', 'Insertion of Limb Lengthening External Fixation Device into Right Lower Femur, Percutaneous Approach', '2018-02-08', 21, 2, 2, 0),
(876, 'https://picsum.photos/id/358/200/200', 'Tremors 3: Back to Perfection', 48, '596-3-65-291764-9', 'Drainage of Left Common Carotid Artery, Percutaneous Approach, Diagnostic', '1999-04-14', 45, 3, 4, 1),
(877, 'https://picsum.photos/id/18/200/200', 'Big Doll House, The', 45, '300-1-30-181852-5', 'Restriction of Left Subclavian Artery with Extraluminal Device, Open Approach', '2005-01-28', 40, 1, 3, 1),
(878, 'https://picsum.photos/id/546/200/200', 'Tooth Fairy 2', 113, '708-0-36-753095-4', 'Excision of Right Brachial Vein, Percutaneous Endoscopic Approach, Diagnostic', '2008-02-12', 39, 3, 3, 0),
(879, 'https://picsum.photos/id/778/200/200', 'Open Season 2', 189, '106-0-59-273180-3', 'Replacement of Nose with Autologous Tissue Substitute, Open Approach', '2009-04-20', 21, 2, 2, 0),
(880, 'https://picsum.photos/id/169/200/200', 'Vampire\'s Kiss', 200, '837-2-81-696109-2', 'Extirpation of Matter from Right Shoulder Tendon, Percutaneous Approach', '2013-05-28', 16, 2, 1, 1),
(881, 'https://picsum.photos/id/826/200/200', 'Human Centipede II (Full Sequence), The', 6, '471-0-33-671034-4', 'Occlusion of Left Large Intestine, Via Natural or Artificial Opening', '1999-11-19', 29, 1, 3, 0),
(882, 'https://picsum.photos/id/906/200/200', 'American Pie 2', 51, '946-0-67-697873-6', 'Supplement Left Glenoid Cavity with Nonautologous Tissue Substitute, Open Approach', '2007-07-27', 35, 3, 6, 1),
(883, 'https://picsum.photos/id/191/200/200', 'It Happened Tomorrow', 18, '466-2-51-773149-5', 'Dilation of Left Radial Artery, Bifurcation, with Drug-eluting Intraluminal Device, Open Approach', '2004-02-14', 9, 2, 2, 1),
(884, 'https://picsum.photos/id/436/200/200', 'Harder They Fall, The', 194, '994-1-65-270727-7', 'Dilation of Left Subclavian Artery with Three Intraluminal Devices, Open Approach', '2004-10-25', 36, 1, 4, 0),
(886, 'https://picsum.photos/id/723/200/200', 'Legend of Sleepy Hollow, The', 16, '886-0-43-381400-9', 'Alteration of Right Wrist Region with Synthetic Substitute, Percutaneous Endoscopic Approach', '2001-01-12', 20, 1, 2, 1),
(887, 'https://picsum.photos/id/1077/200/200', 'Police Academy 6: City Under Siege', 54, '906-0-68-675021-9', 'Drainage of Right Carotid Body with Drainage Device, Percutaneous Approach', '2018-12-17', 46, 3, 2, 1),
(888, 'https://picsum.photos/id/20/200/200', 'Shunning, The', 109, '381-3-72-740629-2', 'Removal of Drainage Device from Endocrine Gland, External Approach', '1997-12-03', 48, 3, 6, 1),
(889, 'https://picsum.photos/id/60/200/200', 'The Hire: Beat the Devil', 34, '534-3-58-474130-6', 'Resection of Right Diaphragm, Percutaneous Endoscopic Approach', '2017-08-06', 8, 1, 5, 0),
(890, 'https://picsum.photos/id/406/200/200', 'Lords of Salem, The', 112, '966-3-32-175114-9', 'Drainage of Left Greater Saphenous Vein, Open Approach', '2010-08-09', 28, 1, 6, 0),
(891, 'https://picsum.photos/id/695/200/200', 'Parenti serpenti', 2, '616-3-55-101565-4', 'Excision of Esophagogastric Junction, Percutaneous Approach, Diagnostic', '2008-05-24', 30, 2, 2, 1),
(892, 'https://picsum.photos/id/922/200/200', 'Where the Boys Are', 156, '783-1-15-558312-6', 'Insertion of Intraluminal Device into Anus, Percutaneous Endoscopic Approach', '2009-06-07', 8, 2, 5, 0),
(893, 'https://picsum.photos/id/913/200/200', 'Miss Potter', 124, '755-2-86-795120-5', 'Extraction of Right Knee Bursa and Ligament, Percutaneous Approach', '2010-11-18', 3, 2, 5, 0),
(894, 'https://picsum.photos/id/557/200/200', 'Roberto Succo', 196, '648-0-94-716592-2', 'Excision of Left Clavicle, Percutaneous Approach', '1996-03-26', 30, 2, 1, 0),
(895, 'https://picsum.photos/id/336/200/200', 'SpongeBob SquarePants Movie, The', 190, '758-1-33-996205-0', 'Inspection of Pleura, Via Natural or Artificial Opening Endoscopic', '2009-06-16', 21, 2, 1, 0),
(896, 'https://picsum.photos/id/228/200/200', 'Cloudy with a Chance of Meatballs 2', 112, '321-0-41-986777-6', 'Excision of Sciatic Nerve, Percutaneous Approach, Diagnostic', '1994-04-15', 34, 3, 3, 0),
(897, 'https://picsum.photos/id/364/200/200', 'Säg att du älskar mig', 182, '403-3-60-764095-5', 'Release Left Knee Joint, Open Approach', '2019-09-19', 9, 2, 4, 1),
(898, 'https://picsum.photos/id/248/200/200', 'No End (Bez konca)', 57, '569-1-37-782683-2', 'Repair Cul-de-sac, Open Approach', '1996-08-31', 50, 2, 6, 0),
(899, 'https://picsum.photos/id/872/200/200', 'Time of the Gypsies (Dom za vesanje)', 79, '505-0-14-534051-8', 'Release Left Ankle Joint, External Approach', '2011-01-16', 16, 3, 5, 1),
(900, 'https://picsum.photos/id/939/200/200', 'Easy Virtue', 186, '864-0-66-186005-6', 'Bypass Right External Iliac Artery to Right Internal Iliac Artery with Autologous Venous Tissue, Percutaneous Endoscopic Approach', '1991-08-02', 43, 1, 2, 0),
(901, 'https://picsum.photos/id/837/200/200', 'Star Witness, The', 24, '742-3-25-411249-9', 'Destruction of Left Middle Ear, Open Approach', '1999-03-25', 29, 3, 6, 0),
(902, 'https://picsum.photos/id/235/200/200', 'When Pigs Have Wings', 155, '822-3-63-153902-5', 'Repair Thoracolumbar Vertebral Joint, Percutaneous Endoscopic Approach', '2019-07-06', 29, 2, 4, 1),
(903, 'https://picsum.photos/id/17/200/200', 'Jewel Robbery', 25, '981-1-48-139073-9', 'Introduction of Serum, Toxoid and Vaccine into Peripheral Artery, Open Approach', '2018-05-05', 44, 3, 1, 1),
(904, 'https://picsum.photos/id/611/200/200', 'Angele', 23, '343-2-41-456149-7', 'Drainage of Left Tympanic Membrane with Drainage Device, Percutaneous Endoscopic Approach', '2003-08-19', 33, 2, 4, 1),
(905, 'https://picsum.photos/id/656/200/200', 'Anger Management', 190, '411-2-13-865347-8', 'Removal of External Fixation Device from Left Knee Joint, External Approach', '1997-10-12', 48, 2, 2, 1),
(906, 'https://picsum.photos/id/124/200/200', 'Shamus', 137, '961-3-17-395497-2', 'Removal of Synthetic Substitute from Cisterna Chyli, Open Approach', '2012-10-06', 36, 2, 6, 0),
(907, 'https://picsum.photos/id/102/200/200', 'Betrayed (True and the Brave, The)', 41, '200-2-47-941988-9', 'Removal of Internal Fixation Device from Right Hip Joint, External Approach', '1998-05-09', 16, 3, 1, 1),
(908, 'https://picsum.photos/id/104/200/200', 'Letter to Elia, A', 21, '897-0-23-619267-1', 'Visual Motor Integration Treatment using Computer', '2015-04-09', 12, 3, 4, 1),
(909, 'https://picsum.photos/id/657/200/200', 'Four Seasons (Seasons, The) (Vremena goda)', 98, '854-3-91-161237-6', 'Restriction of Esophageal Vein, Percutaneous Endoscopic Approach', '2005-05-19', 42, 1, 6, 1),
(910, 'https://picsum.photos/id/960/200/200', 'Night of the Demons', 129, '305-3-63-637321-8', 'Ultrasonography of Right Fallopian Tube', '2016-06-01', 36, 1, 3, 1),
(911, 'https://picsum.photos/id/75/200/200', 'Wichita', 184, '919-2-87-880738-1', 'Revision of Nonautologous Tissue Substitute in Hepatobiliary Duct, External Approach', '2010-04-02', 32, 1, 6, 1),
(912, 'https://picsum.photos/id/64/200/200', 'Calloused Hands', 195, '648-3-82-392783-5', 'Resection of Right Mastoid Sinus, Open Approach', '2015-09-18', 48, 2, 2, 1),
(913, 'https://picsum.photos/id/53/200/200', 'Best Man, The (Testimone dello sposo, Il)', 189, '309-0-33-219178-2', 'Removal of Reservoir from Upper Extremity Subcutaneous Tissue and Fascia, Open Approach', '2010-04-26', 41, 1, 2, 0),
(914, 'https://picsum.photos/id/437/200/200', 'Plot of Fear', 21, '745-3-95-218867-4', 'Insertion of Ring External Fixation Device into Right Radius, Percutaneous Approach', '2001-09-28', 33, 3, 4, 0),
(915, 'https://picsum.photos/id/885/200/200', 'Loved Ones, The', 13, '148-1-57-515250-6', 'Release Left Mandible, Percutaneous Approach', '1990-11-23', 34, 1, 4, 1),
(916, 'https://picsum.photos/id/274/200/200', 'Vatel', 161, '423-0-61-306113-0', 'Supplement Bilateral Fallopian Tubes with Nonautologous Tissue Substitute, Via Natural or Artificial Opening', '1995-07-10', 4, 3, 1, 1),
(917, 'https://picsum.photos/id/56/200/200', 'Diplomacy (Diplomatie)', 85, '916-1-50-300787-3', 'Magnetic Resonance Imaging (MRI) of Neck', '2012-01-29', 31, 2, 5, 0),
(918, 'https://picsum.photos/id/831/200/200', 'Gloriously Wasted', 134, '408-2-91-698786-3', 'Insertion of Pacemaker, Single Chamber into Abdomen Subcutaneous Tissue and Fascia, Percutaneous Approach', '2005-04-18', 20, 3, 4, 1),
(919, 'https://picsum.photos/id/338/200/200', 'Playing for Keeps', 6, '317-1-77-280802-1', 'Removal of Infusion Device from Left Hip Joint, Open Approach', '2004-10-06', 45, 2, 5, 1),
(920, 'https://picsum.photos/id/427/200/200', 'Broadway Melody of 1938', 115, '244-3-75-168051-8', 'Release Right Lower Extremity Lymphatic, Percutaneous Approach', '1991-04-16', 11, 3, 3, 0),
(921, 'https://picsum.photos/id/558/200/200', 'Chance of a Lifetime, The', 40, '880-3-16-236257-5', 'Excision of Left Abdomen Bursa and Ligament, Percutaneous Approach, Diagnostic', '2017-04-28', 24, 2, 4, 1),
(922, 'https://picsum.photos/id/1010/200/200', 'Rollo and the Woods Sprite (Rölli ja metsänhenki)', 136, '906-1-90-999483-5', 'Excision of Epiglottis, Percutaneous Approach, Diagnostic', '2006-02-16', 19, 3, 4, 1),
(923, 'https://picsum.photos/id/108/200/200', 'Distant Thunder', 60, '679-2-61-136065-2', 'Destruction of Right Submaxillary Gland, Percutaneous Approach', '1998-08-12', 43, 3, 6, 1),
(924, 'https://picsum.photos/id/282/200/200', 'Jew Süss (Jud Süß)', 34, '840-1-96-184412-5', 'Restriction of Pelvis Lymphatic, Percutaneous Approach', '2013-06-10', 44, 2, 5, 1),
(925, 'https://picsum.photos/id/373/200/200', 'American Addict', 16, '825-3-46-648965-8', 'Excision of Left Upper Lobe Bronchus, Open Approach', '1992-06-21', 48, 2, 6, 0),
(926, 'https://picsum.photos/id/387/200/200', 'Story of Adele H., The (Histoire d\'Adèle H., L\')', 157, '418-3-24-521431-0', 'Ultrasonography of Right Internal Carotid Artery', '2004-04-14', 23, 3, 6, 1),
(928, 'https://picsum.photos/id/317/200/200', 'Veronica Mars', 108, '904-3-79-489693-7', 'Repair Right Abdomen Bursa and Ligament, Open Approach', '2019-08-02', 28, 3, 3, 0),
(929, 'https://picsum.photos/id/731/200/200', 'Crocodile', 162, '935-3-96-176967-2', 'Excision of Bilateral Seminal Vesicles, Percutaneous Endoscopic Approach', '2017-12-29', 1, 1, 1, 0),
(930, 'https://picsum.photos/id/316/200/200', 'Dirty Dingus Magee', 24, '859-3-86-362238-3', 'Replacement of Back Subcutaneous Tissue and Fascia with Nonautologous Tissue Substitute, Open Approach', '2009-12-30', 29, 1, 6, 0),
(931, 'https://picsum.photos/id/729/200/200', 'Cost of Oil: Voices from the Arctic, The', 81, '356-3-49-320140-3', 'Drainage of Right Finger Phalangeal Joint, Percutaneous Endoscopic Approach', '2015-03-03', 12, 3, 2, 1),
(932, 'https://picsum.photos/id/131/200/200', 'Finding Forrester', 127, '106-1-21-157650-3', 'Drainage of Left Metacarpophalangeal Joint, Percutaneous Endoscopic Approach, Diagnostic', '2012-01-16', 9, 2, 5, 0),
(933, 'https://picsum.photos/id/1035/200/200', 'Boy Meets Girl', 160, '622-3-40-937342-7', 'Fusion of Right Ankle Joint with Nonautologous Tissue Substitute, Open Approach', '1999-12-31', 31, 1, 4, 0),
(935, 'https://picsum.photos/id/602/200/200', 'Onmyoji (Onmyoji: The Yin Yang Master)', 172, '875-3-98-693599-3', 'Supplement Nasopharynx with Autologous Tissue Substitute, Via Natural or Artificial Opening Endoscopic', '1991-06-28', 36, 2, 4, 1),
(936, 'https://picsum.photos/id/969/200/200', 'Until Death', 92, '114-3-53-282739-0', 'Destruction of Left Upper Arm Tendon, Percutaneous Approach', '1995-02-04', 13, 1, 5, 0),
(937, 'https://picsum.photos/id/924/200/200', 'Pearl, The (La perla)', 136, '928-3-36-133908-0', 'Supplement Left Metacarpocarpal Joint with Synthetic Substitute, Percutaneous Endoscopic Approach', '2010-04-03', 49, 2, 2, 0),
(938, 'https://picsum.photos/id/62/200/200', 'To the Left of the Father (Lavoura Arcaica)', 68, '900-0-74-635577-9', 'Excision of Stomach, Open Approach', '1991-05-31', 27, 3, 3, 0),
(939, 'https://picsum.photos/id/880/200/200', 'Fist of Legend (Jing wu ying xiong)', 100, '522-3-25-889334-7', 'Transfer Trochlear Nerve to Accessory Nerve, Open Approach', '2004-11-04', 6, 1, 4, 1),
(940, 'https://picsum.photos/id/778/200/200', 'It\'s Kind of a Funny Story', 76, '392-3-68-582597-9', 'Introduction of Monoclonal Antibody into Respiratory Tract, Via Natural or Artificial Opening', '2018-03-26', 23, 2, 1, 0),
(941, 'https://picsum.photos/id/406/200/200', 'Dragonheart', 137, '141-0-36-975118-5', 'Insertion of Radioactive Element into Left Shoulder Region, Percutaneous Endoscopic Approach', '2000-04-27', 38, 3, 4, 1),
(942, 'https://picsum.photos/id/572/200/200', 'Asterix and the Vikings (Astérix et les Vikings)', 85, '468-2-97-352644-9', 'Bypass Superior Vena Cava to Left Pulmonary Vein with Zooplastic Tissue, Open Approach', '2012-05-19', 7, 2, 3, 0),
(943, 'https://picsum.photos/id/937/200/200', 'Battle Royale 2: Requiem (Batoru rowaiaru II: Chinkonka)', 179, '992-3-55-998141-0', 'Bypass Bilateral Vas Deferens to Left Epididymis with Synthetic Substitute, Open Approach', '2009-05-25', 11, 2, 3, 1),
(944, 'https://picsum.photos/id/129/200/200', 'Nora', 142, '187-1-12-143077-0', 'Revision of Synthetic Substitute in Urethra, Percutaneous Approach', '1995-11-18', 25, 2, 3, 0),
(946, 'https://picsum.photos/id/478/200/200', 'The Pokrovsky Gates', 118, '347-0-36-438607-8', 'Replacement of Back Subcutaneous Tissue and Fascia with Synthetic Substitute, Open Approach', '1999-08-09', 19, 1, 5, 1),
(947, 'https://picsum.photos/id/982/200/200', 'Mysterious Lady, The', 47, '274-2-35-295654-5', 'Destruction of Bilateral Spermatic Cords, Percutaneous Endoscopic Approach', '2012-01-22', 46, 1, 1, 0),
(948, 'https://picsum.photos/id/146/200/200', 'Legend of Sleepy Hollow, The', 155, '368-1-89-472548-1', 'Replacement of Left Internal Mammary Artery with Nonautologous Tissue Substitute, Percutaneous Endoscopic Approach', '2006-12-06', 16, 2, 1, 0),
(949, 'https://picsum.photos/id/322/200/200', 'Gomorrah (Gomorra)', 15, '863-1-78-399924-5', 'Ultrasonography of Pediatric Heart', '2005-09-12', 47, 1, 1, 1),
(950, 'https://picsum.photos/id/858/200/200', 'Johnny Express', 94, '804-1-11-754979-7', 'Release Anus, Percutaneous Endoscopic Approach', '2003-06-26', 33, 3, 2, 0),
(951, 'https://picsum.photos/id/362/200/200', 'Por un puñado de besos', 18, '396-3-96-661832-2', 'Bypass Coronary Artery, One Artery from Left Internal Mammary with Autologous Venous Tissue, Percutaneous Endoscopic Approach', '1997-07-08', 41, 2, 2, 1),
(952, 'https://picsum.photos/id/217/200/200', 'Cry \'Havoc\'', 6, '301-2-43-236592-2', 'Reposition Left Fibula with Intramedullary Internal Fixation Device, Open Approach', '2005-12-17', 19, 3, 3, 1),
(953, 'https://picsum.photos/id/582/200/200', 'It Came from Outer Space', 190, '981-2-86-160434-0', 'Insertion of Limb Lengthening External Fixation Device into Left Humeral Shaft, Percutaneous Endoscopic Approach', '2015-11-21', 23, 2, 6, 1),
(954, 'https://picsum.photos/id/974/200/200', 'Relic, The', 161, '389-0-94-449682-5', 'Dilation of Left Common Iliac Artery with Intraluminal Device, Percutaneous Approach', '1999-01-22', 34, 1, 1, 1),
(956, 'https://picsum.photos/id/502/200/200', 'Stepfather, The', 185, '147-1-43-419985-7', 'Removal of Radioactive Element from Right Lower Extremity, Open Approach', '2017-11-16', 14, 2, 6, 1),
(957, 'https://picsum.photos/id/75/200/200', 'Reivers, The', 62, '305-1-95-420109-2', 'Removal of Infusion Device from Chest Wall, Percutaneous Endoscopic Approach', '2012-11-24', 4, 2, 1, 1),
(958, 'https://picsum.photos/id/270/200/200', 'Patience Stone, The', 198, '936-1-18-491672-2', 'Occlusion of Left Brachial Artery, Percutaneous Approach', '1999-06-18', 41, 2, 1, 0),
(959, 'https://picsum.photos/id/354/200/200', 'Prelude to War (Why We Fight, 1)', 123, '195-2-14-983706-0', 'Insertion of Radioactive Element into Female Perineum, Open Approach', '2012-01-06', 34, 3, 4, 0),
(960, 'https://picsum.photos/id/509/200/200', 'Punk Singer, The', 82, '869-0-83-563890-5', 'Repair Oculomotor Nerve, Percutaneous Approach', '2001-12-21', 43, 3, 4, 0),
(961, 'https://picsum.photos/id/765/200/200', 'Jellyfish (Meduzot)', 127, '501-3-84-551977-0', 'Bypass Left Axillary Artery to Left Upper Arm Artery with Nonautologous Tissue Substitute, Open Approach', '2017-03-28', 14, 1, 6, 0),
(962, 'https://picsum.photos/id/691/200/200', 'Kung Phooey!', 168, '656-3-32-844627-6', 'Replacement of Left Axillary Vein with Synthetic Substitute, Open Approach', '2010-12-06', 16, 3, 1, 0),
(963, 'https://picsum.photos/id/570/200/200', 'Portrait of Wally', 76, '265-1-34-712692-6', 'Dilation of Right Internal Iliac Artery, Bifurcation, with Four or More Intraluminal Devices, Percutaneous Approach', '2006-12-12', 15, 1, 3, 1),
(964, 'https://picsum.photos/id/419/200/200', 'Passion', 155, '378-0-41-516204-6', 'Revision of Drainage Device in Thoracolumbar Vertebral Disc, Percutaneous Endoscopic Approach', '2010-04-12', 40, 3, 4, 1),
(965, 'https://picsum.photos/id/7/200/200', 'Andromeda Strain, The', 92, '312-3-28-762572-0', 'Repair Right Humeral Head, Percutaneous Endoscopic Approach', '2003-06-14', 30, 3, 6, 0),
(966, 'https://picsum.photos/id/272/200/200', 'Peck on the Cheek, A (Kannathil Muthamittal)', 79, '822-0-52-818313-6', 'Revision of Synthetic Substitute in Left Tympanic Membrane, Via Natural or Artificial Opening Endoscopic', '2017-07-17', 6, 2, 6, 0),
(967, 'https://picsum.photos/id/472/200/200', 'Maidentrip', 153, '753-1-46-783143-1', 'Supplement Left Shoulder Joint with Autologous Tissue Substitute, Open Approach', '1998-04-23', 42, 2, 2, 0),
(968, 'https://picsum.photos/id/362/200/200', 'I Will Buy You (Anata kaimasu)', 194, '260-1-43-133771-6', 'Resection of Bilateral Ovaries, Via Natural or Artificial Opening', '2015-05-21', 42, 1, 5, 0),
(969, 'https://picsum.photos/id/877/200/200', 'Billu', 186, '189-0-11-445817-7', 'Removal of External Fixation Device from Right Patella, Open Approach', '2001-10-20', 49, 2, 4, 0),
(970, 'https://picsum.photos/id/166/200/200', 'Mo\' Money', 26, '899-3-77-101078-0', 'Reattachment of Right Lower Lung Lobe, Open Approach', '2004-12-09', 6, 3, 4, 0),
(971, 'https://picsum.photos/id/539/200/200', 'Secret of Moonacre, The', 99, '104-3-31-233912-2', 'Drainage of Right Elbow Bursa and Ligament, Percutaneous Approach', '2019-04-16', 24, 1, 2, 0),
(972, 'https://picsum.photos/id/479/200/200', 'Until September', 33, '927-1-58-846241-1', 'Introduction of Recombinant Human-activated Protein C into Central Vein, Percutaneous', '2018-11-26', 39, 2, 6, 1),
(973, 'https://picsum.photos/id/851/200/200', 'Great Gatsby, The', 98, '625-3-93-197116-0', 'Fluoroscopy of Left Renal Vein', '2005-06-15', 26, 1, 3, 0),
(974, 'https://picsum.photos/id/256/200/200', 'Shadrach', 39, '973-2-84-893795-2', 'Repair Sacral Sympathetic Nerve, Percutaneous Endoscopic Approach', '2014-10-17', 14, 1, 3, 0),
(975, 'https://picsum.photos/id/118/200/200', 'Not Safe for Work', 133, '343-3-21-378780-3', 'Introduction of Other Antineoplastic into Cranial Cavity and Brain, Open Approach', '2009-12-19', 35, 1, 4, 1),
(976, 'https://picsum.photos/id/494/200/200', 'Opposing Force', 115, '545-0-36-620040-3', 'Destruction of Left Kidney, Open Approach', '2006-08-18', 47, 2, 1, 1),
(977, 'https://picsum.photos/id/1035/200/200', 'Drunken Angel (Yoidore tenshi)', 38, '899-1-19-965747-3', 'Removal of Intraluminal Device from Cisterna Chyli, External Approach', '2016-01-30', 30, 3, 6, 1),
(978, 'https://picsum.photos/id/998/200/200', 'Sorrow and Joy (Sorg og glæde)', 166, '148-1-32-694695-9', 'Inspection of Lumbar Vertebral Joint, Open Approach', '2019-07-12', 23, 1, 5, 1),
(979, 'https://picsum.photos/id/57/200/200', 'Guilty Hands', 80, '489-1-68-476655-0', 'Release Right Renal Artery, Open Approach', '2018-05-05', 20, 2, 1, 1),
(980, 'https://picsum.photos/id/1067/200/200', 'Fog of War: Eleven Lessons from the Life of Robert S. McNamara, The', 139, '173-3-82-651932-5', 'Drainage of Right Lower Arm Subcutaneous Tissue and Fascia, Percutaneous Approach, Diagnostic', '2018-07-07', 34, 2, 1, 0),
(981, 'https://picsum.photos/id/539/200/200', 'Sleepaway Camp', 195, '381-1-12-553712-3', 'Reposition Right Posterior Tibial Artery, Percutaneous Endoscopic Approach', '2001-12-20', 17, 1, 3, 0),
(982, 'https://picsum.photos/id/343/200/200', 'Ring of Darkness', 169, '141-0-34-746693-6', 'Alteration of Right Upper Eyelid with Autologous Tissue Substitute, External Approach', '1992-09-26', 41, 1, 1, 1),
(983, 'https://picsum.photos/id/1035/200/200', 'Hostel: Part III ', 145, '327-3-97-439574-4', 'Bypass Portal Vein to Right Renal Vein with Autologous Venous Tissue, Percutaneous Endoscopic Approach', '2016-09-06', 3, 3, 5, 1),
(984, 'https://picsum.photos/id/716/200/200', 'Woman on the Beach, The', 90, '107-0-87-658894-3', 'Speech-Language Pathology and Related Disorders Counseling Treatment using Audiovisual Equipment', '2016-08-14', 24, 2, 6, 0),
(986, 'https://picsum.photos/id/659/200/200', 'See What I\'m Saying: The Deaf Entertainers Documentary', 140, '878-3-46-163232-0', 'Restriction of Lower Artery with Extraluminal Device, Open Approach', '2007-05-31', 27, 2, 2, 1),
(988, 'https://picsum.photos/id/72/200/200', 'Holy Man, The (Mahapurush)', 132, '947-1-45-148744-4', 'Supplement Left Ulna with Nonautologous Tissue Substitute, Percutaneous Approach', '1994-01-08', 32, 2, 6, 0),
(990, 'https://picsum.photos/id/125/200/200', 'Babylon 5: The Legend of the Rangers: To Live and Die in Starlight', 7, '317-1-53-371802-7', 'Repair Mouth and Throat in Products of Conception with Other Device, Open Approach', '2009-08-10', 37, 2, 6, 0),
(991, 'https://picsum.photos/id/838/200/200', 'That Day, on the Beach (Hai tan de yi tian)', 95, '254-3-90-868297-3', 'Supplement Right Occipital Bone with Synthetic Substitute, Open Approach', '1998-04-21', 15, 3, 3, 0),
(992, 'https://picsum.photos/id/336/200/200', 'End Game', 65, '331-3-11-403027-2', 'Repair Lingula Bronchus, Open Approach', '1993-05-31', 31, 3, 2, 1),
(993, 'https://picsum.photos/id/371/200/200', 'Antisocial', 29, '405-0-75-481659-3', 'Removal of Synthetic Substitute from Right Knee Joint, Patellar Surface, Open Approach', '1994-10-05', 33, 3, 2, 0),
(994, 'https://picsum.photos/id/388/200/200', 'Police Python 357', 65, '789-3-73-944165-6', 'Removal of Infusion Device from Right Knee Joint, Percutaneous Endoscopic Approach', '2017-10-18', 13, 3, 2, 1),
(995, 'https://picsum.photos/id/405/200/200', 'L: Change the World', 5, '875-0-67-585417-0', 'Release Right Lower Extremity Lymphatic, Open Approach', '1998-01-23', 38, 2, 2, 1),
(996, 'https://picsum.photos/id/412/200/200', 'Blonde Ice', 100, '574-3-75-207600-7', 'Excision of Right Frontal Bone, Percutaneous Approach, Diagnostic', '2008-11-05', 20, 3, 2, 0),
(997, 'https://picsum.photos/id/921/200/200', 'Gunday', 113, '967-3-41-136945-1', 'Reposition Right Elbow Joint, Percutaneous Endoscopic Approach', '1997-05-13', 21, 1, 6, 1),
(998, 'https://picsum.photos/id/1060/200/200', 'Rain Over Santiago (Il pleut sur Santiago)', 66, '857-1-57-702384-6', 'Drainage of Right Fibula, Percutaneous Approach', '2015-02-10', 13, 1, 2, 0),
(999, 'https://picsum.photos/id/775/200/200', 'Red Dragon', 103, '763-1-84-918745-9', 'Drainage of Lower Esophagus with Drainage Device, Percutaneous Endoscopic Approach', '2006-05-25', 15, 2, 2, 0),
(1000, 'https://picsum.photos/id/290/200/200', 'Facts of Life, The', 185, '198-3-39-695751-8', 'Drainage of Phrenic Nerve, Percutaneous Endoscopic Approach, Diagnostic', '1996-03-14', 13, 1, 3, 1);

-- --------------------------------------------------------

--
-- Table structure for table `publishers`
--

CREATE TABLE `publishers` (
  `publisher_id` int(10) UNSIGNED NOT NULL,
  `publisher_name` varchar(55) NOT NULL,
  `publisher_address` varchar(55) NOT NULL,
  `fk_size` int(11) NOT NULL
) ENGINE=InnoDB DEFAULT CHARSET=utf8mb4;

--
-- Dumping data for table `publishers`
--

INSERT INTO `publishers` (`publisher_id`, `publisher_name`, `publisher_address`, `fk_size`) VALUES
(1, 'Grady Inc', '64779 Dayton Park', 1),
(2, 'Kuhn, Lindgren and Konopelski', '25 Montana Parkway', 1),
(3, 'Moore LLC', '738 Bellgrove Road', 3),
(4, 'Schumm-McKenzie', '23 Esch Plaza', 1),
(5, 'Deckow-Bernier', '39 Lillian Point', 2),
(6, 'Effertz, Jaskolski and Jacobs', '5538 Birchwood Lane', 3),
(7, 'Cole-Zemlak', '44337 Straubel Point', 2),
(8, 'Balistreri LLC', '69190 Buena Vista Avenue', 2),
(9, 'Johnson and Sons', '8075 Prentice Junction', 1),
(10, 'Purdy, Pollich and Von', '230 Clemons Point', 1),
(11, 'Mraz Group', '7 Lakeland Center', 2),
(12, 'Hane and Sons', '88540 Graceland Alley', 2),
(13, 'Ondricka, Ankunding and Lubowitz', '4898 Blackbird Plaza', 3),
(14, 'Grimes, Mayer and Goldner', '0 Mallard Place', 1),
(15, 'Dickinson-Carter', '14 Daystar Way', 2),
(16, 'Hudson, Jaskolski and Kiehn', '82201 Graedel Road', 1),
(17, 'Carroll LLC', '868 Sugar Place', 3),
(18, 'Dickinson, Schumm and Kautzer', '9413 High Crossing Avenue', 1),
(19, 'Yundt, Larson and Daniel', '70 Fair Oaks Street', 1),
(20, 'Schimmel Group', '23 Kedzie Avenue', 3),
(21, 'Bins-Little', '8 Garrison Lane', 2),
(22, 'Nitzsche-Pagac', '875 Graceland Plaza', 3),
(23, 'Stanton, Homenick and Goyette', '4 Gale Circle', 3),
(24, 'Kling, Miller and Wunsch', '66819 Nobel Drive', 1),
(25, 'Wolf, Deckow and Daniel', '5 Mockingbird Plaza', 3),
(26, 'Lindgren, Sporer and MacGyver', '5 Harper Crossing', 3),
(27, 'Miller, Wisoky and Lynch', '49 Summer Ridge Alley', 3),
(28, 'Hayes, Hammes and Gulgowski', '55 Del Mar Terrace', 3),
(29, 'Dooley-Bernhard', '893 Ruskin Junction', 2),
(30, 'Reichel, Treutel and Marvin', '91 Debra Hill', 1),
(31, 'Blick, Hilpert and Kilback', '78 Autumn Leaf Park', 2),
(32, 'Cronin-Morissette', '0 Sachs Center', 2),
(33, 'Kozey, Nikolaus and Collier', '28596 Elka Park', 2),
(34, 'Schiller, Wolff and Johnson', '19 Evergreen Trail', 1),
(35, 'Marvin-Quigley', '07 Saint Paul Trail', 2),
(36, 'Rau and Sons', '6117 Union Crossing', 1),
(37, 'Lowe Group', '40 Moose Junction', 2),
(38, 'Simonis-Senger', '765 Debs Center', 2),
(39, 'Willms-Doyle', '1 Gina Parkway', 3),
(40, 'McKenzie, Swift and Johnson', '86877 South Trail', 3),
(41, 'Wunsch and Sons', '422 Straubel Point', 1),
(42, 'Farrell Inc', '6779 Welch Way', 2),
(43, 'Reichert-Morar', '21141 Lien Drive', 1),
(44, 'Turcotte Inc', '7 Mayer Road', 2),
(45, 'Mosciski-Cremin', '262 Rutledge Pass', 1),
(46, 'Collier LLC', '22368 Laurel Plaza', 3),
(47, 'Huels-Torp', '1 Buell Way', 2),
(48, 'Dibbert-Schmitt', '75137 Straubel Crossing', 2),
(49, 'Monahan and Sons', '2848 South Drive', 3),
(50, 'Fadel Group', '44699 Russell Lane', 2);

-- --------------------------------------------------------

--
-- Table structure for table `sizes`
--

CREATE TABLE `sizes` (
  `size_id` int(11) NOT NULL,
  `size` enum('small','medium','big') NOT NULL
) ENGINE=InnoDB DEFAULT CHARSET=utf8mb4;

--
-- Dumping data for table `sizes`
--

INSERT INTO `sizes` (`size_id`, `size`) VALUES
(1, 'small'),
(2, 'medium'),
(3, 'big');

-- --------------------------------------------------------

--
-- Table structure for table `types`
--

CREATE TABLE `types` (
  `type_id` int(10) UNSIGNED NOT NULL,
  `type` enum('book','cd','dvd') NOT NULL
) ENGINE=InnoDB DEFAULT CHARSET=utf8mb4;

--
-- Dumping data for table `types`
--

INSERT INTO `types` (`type_id`, `type`) VALUES
(1, 'book'),
(2, 'cd'),
(3, 'dvd');

--
-- Indexes for dumped tables
--

--
-- Indexes for table `authors`
--
ALTER TABLE `authors`
  ADD PRIMARY KEY (`author_id`);

--
-- Indexes for table `availability`
--
ALTER TABLE `availability`
  ADD PRIMARY KEY (`available_id`);

--
-- Indexes for table `genres`
--
ALTER TABLE `genres`
  ADD PRIMARY KEY (`genre_id`);

--
-- Indexes for table `media`
--
ALTER TABLE `media`
  ADD PRIMARY KEY (`media_id`),
  ADD KEY `fk_author` (`fk_author`),
  ADD KEY `fk_publisher` (`fk_publisher`),
  ADD KEY `fk_type` (`fk_type`),
  ADD KEY `fk_genre` (`fk_genre`),
  ADD KEY `fk_available` (`fk_available`);

--
-- Indexes for table `publishers`
--
ALTER TABLE `publishers`
  ADD PRIMARY KEY (`publisher_id`),
  ADD KEY `fk_size` (`fk_size`);

--
-- Indexes for table `sizes`
--
ALTER TABLE `sizes`
  ADD PRIMARY KEY (`size_id`);

--
-- Indexes for table `types`
--
ALTER TABLE `types`
  ADD PRIMARY KEY (`type_id`);

--
-- AUTO_INCREMENT for dumped tables
--

--
-- AUTO_INCREMENT for table `authors`
--
ALTER TABLE `authors`
  MODIFY `author_id` int(11) UNSIGNED NOT NULL AUTO_INCREMENT, AUTO_INCREMENT=201;

--
-- AUTO_INCREMENT for table `genres`
--
ALTER TABLE `genres`
  MODIFY `genre_id` int(11) UNSIGNED NOT NULL AUTO_INCREMENT, AUTO_INCREMENT=7;

--
-- AUTO_INCREMENT for table `media`
--
ALTER TABLE `media`
  MODIFY `media_id` int(11) NOT NULL AUTO_INCREMENT, AUTO_INCREMENT=1005;

--
-- AUTO_INCREMENT for table `publishers`
--
ALTER TABLE `publishers`
  MODIFY `publisher_id` int(10) UNSIGNED NOT NULL AUTO_INCREMENT, AUTO_INCREMENT=51;

--
-- AUTO_INCREMENT for table `types`
--
ALTER TABLE `types`
  MODIFY `type_id` int(10) UNSIGNED NOT NULL AUTO_INCREMENT, AUTO_INCREMENT=4;

--
-- Constraints for dumped tables
--

--
-- Constraints for table `media`
--
ALTER TABLE `media`
  ADD CONSTRAINT `media_ibfk_1` FOREIGN KEY (`fk_author`) REFERENCES `authors` (`author_id`),
  ADD CONSTRAINT `media_ibfk_2` FOREIGN KEY (`fk_publisher`) REFERENCES `publishers` (`publisher_id`),
  ADD CONSTRAINT `media_ibfk_3` FOREIGN KEY (`fk_type`) REFERENCES `types` (`type_id`),
  ADD CONSTRAINT `media_ibfk_4` FOREIGN KEY (`fk_genre`) REFERENCES `genres` (`genre_id`),
  ADD CONSTRAINT `media_ibfk_5` FOREIGN KEY (`fk_available`) REFERENCES `availability` (`available_id`);

--
-- Constraints for table `publishers`
--
ALTER TABLE `publishers`
  ADD CONSTRAINT `publishers_ibfk_1` FOREIGN KEY (`fk_size`) REFERENCES `sizes` (`size_id`);
COMMIT;

/*!40101 SET CHARACTER_SET_CLIENT=@OLD_CHARACTER_SET_CLIENT */;
/*!40101 SET CHARACTER_SET_RESULTS=@OLD_CHARACTER_SET_RESULTS */;
/*!40101 SET COLLATION_CONNECTION=@OLD_COLLATION_CONNECTION */;
